pdb,Bchain,Achain,Dchain,Gchain,TCRtype,model,antigen_chain,antigen_type,antigen_name,antigen_het_name,mhc_type,mhc_chain1,mhc_chain2,docking_angle,beta_subgroup,alpha_subgroup,gamma_subgroup,delta_subgroup,short_header,date,compound,mhc_gene,mhc_code,beta_organism,alpha_organism,gamma_organism,delta_organism,antigen_organism,mhc_chain1_organism,mhc_chain2_organism,authors,resolution,method,r_free,r_factor,affinity,affinity_method,affinity_temperature,affinity_pmid,engineered,peptide_seq,peptide_length,CDR1a_seq,CDR2a_seq,CDR3a_seq,CDR1b_seq,CDR2b_seq,CDR3b_seq
1ao7,E,D,,,abTCR,0,C,peptide,tax peptide,,MH1,A,B,34.827,TRBV6,TRAV12,,,COMPLEX (MHC/VIRAL PEPTIDE/RECEPTOR),09/17/97,"COMPLEX BETWEEN HUMAN T-CELL RECEPTOR, VIRAL PEPTIDE (TAX), AND HLA-A 0201",A0201,A2,homo sapiens,homo sapiens,,,human t-lymphotropic virus 1,homo sapiens,homo sapiens,"Garboczi, D.N., Ghosh, P., Utz, U., Fan, Q.R., Biddison, W.E., Wiley, D.C.",2.6,X-RAY DIFFRACTION,0.32,0.245,,,,,TRUE,LLFGYPVYV,9,DRGSQS,IYSNGD,AVTTDSWGKLQ,MNHEY,SVGAGI,ASRPGLAGGRPEQY
1bd2,E,D,,,abTCR,0,C,peptide,tax peptide,,MH1,A,B,49.404,TRBV6,TRAV29,,,COMPLEX (MHC/VIRAL PEPTIDE/RECEPTOR),08/19/98,"COMPLEX BETWEEN HUMAN T-CELL RECEPTOR B7, VIRAL PEPTIDE (TAX) AND MHC CLASS I MOLECULE HLA-A 0201",A0201,A2,homo sapiens,homo sapiens,,,human t-lymphotropic virus 1,homo sapiens,homo sapiens,"Ding, Y.-H., Smith, K.J., Garboczi, D.N., Utz, U., Biddison, W.E., Wiley, D.C.",2.5,X-RAY DIFFRACTION,0.312,0.238,,,,,TRUE,LLFGYPVYV,9,NSMFDY,ISSIKDK,AAMEGAQKLV,MNHEY,SVGAGI,ASSYPGGGFYEQY
1d9k,B,A,,,abTCR,0,P,peptide,conalbumin peptide,,MH2,C,D,52.386,TRBV13,TRAV14,,,IMMUNE SYSTEM,12/15/99,CRYSTAL STRUCTURE OF COMPLEX BETWEEN D10 TCR AND PMHC I-AK/CA,I-AK,I-AK,mus musculus,mus musculus,,,mus musculus,mus musculus,mus musculus,"Reinherz, E.L., Tan, K., Tang, L., Kern, P., Liu, J.-H., Xiong, Y., Hussey, R.E., Smolyar, A., Hare, B., Zhang, R., Joachimiak, A., Chang, H.-C., Wagner, G., Wang, J.-H.",3.2,X-RAY DIFFRACTION,0.293,0.247,,,,,TRUE,GNSHRGAIEWEGIESG,16,DSTFDY,ISLVSNK,AATGSFNKLT,NNHNN,SYGAGS,ASGGQGRAEQF
1fo0,B,A,,,abTCR,0,P,peptide,naturally processed octapeptide pbm1,,MH1,H,L,41.362,TRBV1,TRAV16,,,IMMUNE SYSTEM,10/02/2000,MURINE ALLOREACTIVE SCFV TCR-PEPTIDE-MHC CLASS I MOLECULE COMPLEX,H-2Kb,H2Kb,mus musculus,mus musculus,,,,mus musculus,mus musculus,"Reiser, J.B., Darnault, C., Guimezanes, A., Gregoire, C., Mosser, T., Schmitt-Verhulst, A.-M., Fontecilla-Camps, J.C., Malissen, B., Housset, D., Mazza, G.",2.5,X-RAY DIFFRACTION,0.276,0.225,,,,,TRUE,INFDFNTI,8,TQDSSYF,QDSYKKEN,AMRGDYGGSGNKLI,NSQYPW,LRSPGD,TCSADRVGNTLY
1fyt,E,D,,,abTCR,0,C,peptide,hemagglutinin ha1 peptide chain,,MH2,A,B,47.72,TRBV28,TRAV8,,,IMMUNE SYSTEM,11/08/2000,"CRYSTAL STRUCTURE OF A COMPLEX OF A HUMAN ALPHA/BETA-T CELL RECEPTOR, INFLUENZA HA ANTIGEN PEPTIDE, AND MHC CLASS II MOLECULE, HLA-DR1",DR1,DR1,homo sapiens,homo sapiens,,,h3n2 subtype,homo sapiens,homo sapiens,"Hennecke, J., Carfi, A., Wiley, D.C.",2.6,X-RAY DIFFRACTION,0.255,0.221,,,,,TRUE,PKYVKQNTLKLAT,13,SSVPPY,YTSAATLV,AVSESPFGNEKLT,MDHEN,SYDVKM,ASSSTGLPYGYT
1g6r,B,A,,,abTCR,0,P,peptide,siyr peptide,,MH1,H,L,22.609,TRBV13,TRAV9,,,IMMUNE SYSTEM,11/15/00,A FUNCTIONAL HOT SPOT FOR ANTIGEN RECOGNITION IN A SUPERAGONIST TCR/MHC COMPLEX,H-2Kb,H2Kb,mus musculus,mus musculus,,,,mus musculus,mus musculus,"Degano, M., Garcia, K.C., Apostolopoulos, V., Rudolph, M.G., Teyton, L., Wilson, I.A.",2.8,X-RAY DIFFRACTION,0.327,0.298,,,,,TRUE,SIYRYYGL,8,YSATPY,YYSGDPVV,AVSGFASALT,NNHNN,SYGAGS,ASGGGGTLY
1j8h,E,D,,,abTCR,0,C,peptide,hemagglutinin ha1 peptide chain,,MH2,A,B,49.418,TRBV28,TRAV8,,,IMMUNE SYSTEM,03/13/02,"Crystal Structure of a Complex of a Human alpha/beta-T cell Receptor, Influenza HA Antigen Peptide, and MHC Class II Molecule, HLA-DR4",DR4,DR4,homo sapiens,homo sapiens,,,influenzavirus a,homo sapiens,homo sapiens,"Hennecke, J., Wiley, D.C.",2.4,X-RAY DIFFRACTION,0.246,0.211,,,,,TRUE,PKYVKQNTLKLAT,13,SSVPPY,YTSAATLV,AVSESPFGNEKLT,MDHEN,SYDVKM,ASSSTGLPYGYT
1kj2,B,A,,,abTCR,0,P,peptide,naturally processed octapeptide pkb1,,MH1,H,L,31.004,TRBV1,TRAV14,,,IMMUNE SYSTEM,03/27/02,Murine Alloreactive ScFv TCR-Peptide-MHC Class I Molecule Complex,H-2Kb,H2Kb,mus musculus,mus musculus,,,,mus musculus,mus musculus,"Reiser, J.-B., Gregoire, C., Darnault, C., Mosser, T., Guimezanes, A., Schmitt-Verhulst, A.-M., Fontecilla-Camps, J.C., Mazza, G., Malissen, B., Housset, D.",2.71,X-RAY DIFFRACTION,0.278,0.22,,,,,TRUE,KVITFIDL,8,DSTFNY,IRSVSDK,AARYQGGRALI,NSQYPW,LRSPGD,TCSAAPDWGASAETLY
1lp9,F,E,,,abTCR,0,C,peptide,self-peptide p1049,,MH1,A,B,68.028,TRBV13,TRAV12,,,IMMUNE SYSTEM,11/11/2003,Xenoreactive complex AHIII 12.2 TCR bound to p1049/HLA-A2.1,A0201,A2,mus musculus,mus musculus,,,,homo sapiens,homo sapiens,"Buslepp, J., Wang, H., Biddison, W.E., Appella, E., Collins, E.J.",2,X-RAY DIFFRACTION,0.253,0.219,,,,,TRUE,ALWGFFPVL,9,STYSPF,SFTDNKR,ALFLASSSFSKLV,NNHDY,SYVADS,ASSDWVSYEQY
1mi5,E,D,,,abTCR,0,C,peptide,epstein barr virus peptide,,MH1,A,B,42.752,TRBV7,TRAV26,,,IMMUNE SYSTEM,02/04/2003,The crystal structure of LC13 TcR in complex with HLAB8-EBV peptide complex,B8,B8,homo sapiens,homo sapiens,,,,homo sapiens,homo sapiens,"Kjer-Nielsen, L., Clements, C.S., Purcell, A.W., Brooks, A.G., Whisstock, J.C., Burrows, S.R., McCluskey, J., Rossjohn, J.",2.5,X-RAY DIFFRACTION,0.288,0.226,1.25E-05,SPR,25,15640805,TRUE,FLRGRAYGL,9,TISGTDY,GLTSN,ILPLAGGTSYGKLT,SGHVS,FQNEAQ,ASSLGQAYEQY
1mwa,B,A,,,abTCR,0,P,peptide,dev8,,MH1,H,L,22.774,TRBV13,TRAV9,,,IMMUNE SYSTEM,11/27/02,2C/H-2KBM3/DEV8 ALLOGENEIC COMPLEX,H-2KBM3,H2Kbm3,mus musculus,mus musculus,,,,mus musculus,mus musculus,"Luz, J.G., Huang, M.D., Garcia, K.C., Rudolph, M.G., Teyton, L., Wilson, I.A.",2.4,X-RAY DIFFRACTION,0.313,0.284,,,,,TRUE,EQYKFYSV,8,YSATPY,YYSGDPVV,AVSGFASALT,NNHNN,SYGAGS,ASGGGGTLY
1nam,B,A,,,abTCR,0,P,peptide,nucleocapsid,,MH1,H,L,39.971,TRBV1,TRAV16,,,IMMUNE SYSTEM,03/11/2003,MURINE ALLOREACTIVE SCFV TCR-PEPTIDE-MHC CLASS I MOLECULE COMPLEX,H-2Kb,H2Kb,mus musculus,mus musculus,,,,mus musculus,mus musculus,"Reiser, J.-B., Darnault, C., Gregoire, C., Mosser, T., Mazza, G., Kearnay, A., van der Merwe, P.A., Fontecilla-Camps, J.C., Housset, D., Malissen, B.",2.7,X-RAY DIFFRACTION,0.298,0.23,,,,,TRUE,RGYVYQGL,8,TQDSSYF,QDSYKKEN,AMRGDYGGSGNKLI,NSQYPW,LRSPGD,TCSADRVGNTLY
1oga,E,D,,,abTCR,0,C,peptide,gilgfvftl,,MH1,A,B,62.558,TRBV19,TRAV27,,,IMMUNE SYSTEM/RECEPTOR,06/19/03,A structural basis for immunodominant human T-cell receptor recognition.,A2,A2,homo sapiens,homo sapiens,,,homo sapiens,homo sapiens,homo sapiens,"Stewart-Jones, G.B.E., McMichael, A.J., Bell, J.I., Stuart, D.I., Jones, E.Y.",1.4,X-RAY DIFFRACTION,0.231,0.218,,,,,TRUE,GILGFVFTL,9,SVFSS,VVTGGEV,AGAGSQGNLI,LNHDA,SQIVND,ASSSRSSYEQY
1qrn,E,D,,,abTCR,0,C,peptide,tax peptide p6a,,MH1,A,B,33.739,TRBV6,TRAV12,,,IMMUNE SYSTEM,10/14/99,CRYSTAL STRUCTURE OF HUMAN A6 TCR COMPLEXED WITH HLA-A2 BOUND TO ALTERED HTLV-1 TAX PEPTIDE P6A,A2,A2,homo sapiens,homo sapiens,,,,homo sapiens,homo sapiens,"Ding, Y.H., Baker, B.M., Garboczi, D.N., Biddison, W.E., Wiley, D.C.",2.8,X-RAY DIFFRACTION,0.273,0.216,,,,,TRUE,LLFGYAVYV,9,DRGSQS,IYSNGD,AVTTDSWGKLQ,MNHEY,SVGAGI,ASRPGLAGGRPEQY
1qse,E,D,,,abTCR,0,C,peptide,tax peptide v7r,,MH1,A,B,36.974,TRBV6,TRAV12,,,IMMUNE SYSTEM,12/21/99,STRUCTURE OF HUMAN A6-TCR BOUND TO HLA-A2 COMPLEXED WITH ALTERED HTLV-1 TAX PEPTIDE V7R,A2,A2,homo sapiens,homo sapiens,,,,homo sapiens,homo sapiens,"Ding, Y.H., Baker, B.M., Garboczi, D.N., Biddison, W.E., Wiley, D.C.",2.8,X-RAY DIFFRACTION,0.29,0.243,,,,,TRUE,LLFGYPRYV,9,DRGSQS,IYSNGD,AVTTDSWGKLQ,MNHEY,SVGAGI,ASRPGLAGGRPEQY
1qsf,E,D,,,abTCR,0,C,peptide,tax peptide y8a,,MH1,A,B,35.353,TRBV6,TRAV12,,,IMMUNE SYSTEM,12/21/99,STRUCTURE OF A6-TCR BOUND TO HLA-A2 COMPLEXED WITH ALTERED HTLV-1 TAX PEPTIDE Y8A,A2,A2,homo sapiens,homo sapiens,,,,homo sapiens,homo sapiens,"Ding, Y.H., Baker, B.M., Garboczi, D.N., Biddison, W.E., Wiley, D.C.",2.8,X-RAY DIFFRACTION,0.286,0.245,,,,,TRUE,LLFGYPVAV,9,DRGSQS,IYSNGD,AVTTDSWGKLQ,MNHEY,SVGAGI,ASRPGLAGGRPEQY
1u3h,B,A,,,abTCR,0,P,peptide,myelin basic protein (mbp)-peptide,,MH2,C,D,42.671,TRBV13,TRAV14,,,IMMUNE SYSTEM,05/17/05,Crystal structure of mouse TCR 172.10 complexed with MHC class II I-Au molecule at 2.4 A,I-Au,I-Au,mus musculus,mus musculus,,,,mus musculus,mus musculus,"Maynard, J., Petersson, K., Wilson, D.H., Adams, E.J., Blondelle, S.E., Boulanger, M.J., Wilson, D.B., Garcia, K.C.",2.42,X-RAY DIFFRACTION,0.274,0.232,,,,,TRUE,SRGGASQYRPSQ,12,NSAFDY,ILSVSDK,AASANSGTYQR,NNHNN,SYGAGS,ASGDAGGGYEQY
1ymm,E,D,,,abTCR,0,C,peptide,mbp peptide,,MH2,A,B,83.736,TRBV20,TRAV17,,,IMMUNE SYSTEM,05/03/2005,TCR/HLA-DR2b/MBP-peptide complex,DR2b,DR2b,homo sapiens,homo sapiens,,,,homo sapiens,homo sapiens,"Hahn, M., Nicholson, M.J., Pyrdol, J., Wucherpfennig, K.W.",3.5,X-RAY DIFFRACTION,0.318,0.274,,,,,TRUE,ENPVVHFFKNIVTP,14,TSINN,IRSNERE,ATDTTSGTYKYI,DFQATT,SNEGSKA,SARDLTSGANNEQF
1zgl,P,M,,,abTCR,0,C,peptide,myelin basic protein,,MH2,A,B,40.915,TRBV5,TRAV9,,,IMMUNE SYSTEM,10/18/05,Crystal structure of 3A6 TCR bound to MBP/HLA-DR2a,DR2a,DR2a,homo sapiens,homo sapiens,,,,homo sapiens,homo sapiens,"Li, Y., Huang, Y., Lue, J., Quandt, J.A., Martin, R., Mariuzza, R.A.",2.8,X-RAY DIFFRACTION,0.329,0.28,,,,,TRUE,VHFFKNIVTPRTPG,14,ATGYPS,ATKADDK,ALSGGDSSYKLI,SGHRS,YFNETQ,ASSLADRVNTEAF
2ak4,E,D,,,abTCR,0,C,peptide,ebv peptide lpeplpqgqltay,,MH1,A,B,71.108,TRBV6,TRAV19,,,IMMUNE SYSTEM,10/11/2005,Crystal Structure of SB27 TCR in complex with HLA-B*3508-13mer peptide,B3508,B35,homo sapiens,homo sapiens,,,,homo sapiens,homo sapiens,"Tynan, F.E., Burrows, S.R., Buckle, A.M., Clements, C.S., Borg, N.A., Miles, J.J., Beddoe, T., Whisstock, J.C., Wilce, M.C., Silins, S.L., Burrows, J.M., Kjer-Nielsen, L., Konstenko, L., Purcell, A.W., McCluskey, J., Rossjohn, J.",2.5,X-RAY DIFFRACTION,0.278,0.246,1.22E-05,SPR,25,23569211,TRUE,LPEPLPQGQLTAY,13,TRDTTYY,RNSFDEQN,ALSGFYNTDKLI,MNHNS,SASEGT,ASPGLAGEYEQY
2bnq,E,D,,,abTCR,0,C,peptide,synthetic peptide,,MH1,A,B,69.544,TRBV6,TRAV21,,,IMMUNE SYSTEM/RECEPTOR,05/23/05,Structural and kinetic basis for heightened immunogenicity of T cell vaccines,A2,A2,homo sapiens,homo sapiens,,,homo sapiens,homo sapiens,homo sapiens,"Chen, J.-L., Stewart-Jones, G., Bossi, G., Lissin, N.M., Wooldridge, L., Choi, E.M.L., Held, G., Dunbar, P.R., Esnouf, R.M., Sami, M., Boultier, J.M., Rizkallah, P.J., Renner, C., Sewell, A., van der Merwe, P.A., Jackobsen, B.K., Griffiths, G., Jones, E.Y., Cerundolo, V.",1.7,X-RAY DIFFRACTION,0.253,0.226,5.70E-06,SPR,25,15837811,TRUE,SLLMWITQV,9,DSAIYN,IQSSQRE,AVRPTSGGSYIPT,MNHEY,SVGAGI,ASSYVGNTGELF
2bnr,E,D,,,abTCR,0,C,peptide,synthetic peptide,,MH1,A,B,69.699,TRBV6,TRAV21,,,IMMUNE SYSTEM/RECEPTOR,05/23/05,Structural and kinetic basis for heightened immunogenicity of T cell vaccines,A2,A2,homo sapiens,homo sapiens,,,homo sapiens,homo sapiens,homo sapiens,"Chen, J.-L., Stewart-Jones, G., Bossi, G., Lissin, N.M., Wooldridge, L., Choi, E.M.L., Held, G., Dunbar, P.R., Esnouf, R.M., Sami, M., Boultier, J.M., Rizkallah, P.J., Renner, C., Sewell, A., van der Merwe, P.A., Jackobsen, B.K., Griffiths, G., Jones, E.Y., Cerundolo, V.",1.9,X-RAY DIFFRACTION,unknown,0.231,1.33E-05,SPR,25,15837811,TRUE,SLLMWITQC,9,DSAIYN,IQSSQRE,AVRPTSGGSYIPT,MNHEY,SVGAGI,ASSYVGNTGELF
2e7l,D,A,,,abTCR,0,Q,peptide,peptide (gln)(leu)(ser)(pro)(phe)(pro)(phe)(asp)(leu),,MH1,E,,44.905,TRBV13,TRAV9,,,IMMUNE SYSTEM,04/24/07,Structure of a high-affinity mutant of the 2C TCR in complex with Ld/QL9,H-2Ld,H2Ld,mus musculus,mus musculus,,,,mus musculus,,"Garcia, K.C., Colf, L.A.",2.5,X-RAY DIFFRACTION,0.246,0.224,2.90E-10,ITC,20,17418792,TRUE,QLSPFPFDL,9,YSATPY,YYSGDPVV,AVSHQGRYLT,NNHNN,SYGAGS,ASGGGGTLY
2esv,E,D,,,abTCR,0,P,peptide,vmaprtlil peptide from cmv gpul40,,MH1,A,B,39.357,TRBV14,TRAV26,,,IMMUNE SYSTEM,03/21/06,Structure of the HLA-E-VMAPRTLIL/KK50.4 TCR complex,E,E,homo sapiens,homo sapiens,,,,homo sapiens,homo sapiens,"Hoare, H.L., Rossjohn, J.",2.6,X-RAY DIFFRACTION,0.292,0.214,,,,,TRUE,VMAPRTLIL,9,TISGNEY,GLKNN,IVVRSSNTGKLI,SGHDN,FVKESK,ASSQDRDTQY
2f53,E,D,,,abTCR,0,C,peptide,cancer/testis antigen 1b,,MH1,A,B,66.123,TRBV6,TRAV21,,,IMMUNE SYSTEM,04/25/06,Directed Evolution of Human T-cell Receptor CDR2 residues by phage display dramatically enhances affinity for cognate peptide-MHC without apparent cross-reactivity,A0201,A2,homo sapiens,homo sapiens,,,,homo sapiens,homo sapiens,"Rizkallah, P.J., Jakobsen, B.K., Dunn, S.M., Sami, M.",2.1,X-RAY DIFFRACTION,0.231,0.166,,,,,TRUE,SLLMWITQC,9,DSAIYN,IPFWQRE,AVRPTSGGSYIPT,MNHEY,SVSVGM,ASSYVGNTGELF
2f54,E,D,,,abTCR,0,C,peptide,cancer/testis antigen 1b,,MH1,A,B,66.929,TRBV6,TRAV21,,,IMMUNE SYSTEM,04/25/06,Directed evolution of human T cell receptor CDR2 residues by phage display dramatically enhances affinity for cognate peptide-MHC without increasing apparent cross-reactivity,A0201,A2,homo sapiens,homo sapiens,,,,homo sapiens,homo sapiens,"Rizkallah, P.J., Jakobsen, B.K., Dunn, S.M., Sami, M.",2.7,X-RAY DIFFRACTION,0.286,0.221,,,,,TRUE,SLLMWITQC,9,DSAIYN,IQSSQRE,AVRPTSGGSYIPT,MNHEY,SVGAGI,ASSYVGNTGELF
2gj6,E,D,,,abTCR,0,C,peptide,"modified htlv-1 tax (y5k-iba) peptide, chain c | 3-INDOLEBUTYRIC ACID",NA | 3IB,MH1,A,B,36.064,TRBV6,TRAV12,,,IMMUNE SYSTEM,10/03/2006,The complex between TCR A6 and human Class I MHC HLA-A2 with the modified HTLV-1 TAX (Y5K-4-[3-Indolyl]-butyric acid) peptide,A2,A2,homo sapiens,homo sapiens,,, | ,homo sapiens,homo sapiens,"Borbulevych, O.Y., Baker, B.M.",2.56,X-RAY DIFFRACTION,0.25,0.199,,,,,TRUE,LLFGKPVYV,9,DRGSQS,IYSNGD,AVTTDSWGKLQ,MNHEY,SVGAGI,ASRPGLAGGRPEQY
2iam,D,C,,,abTCR,0,P,peptide,15-mer peptide from triosephosphate isomerase,,MH2,A,B,44.538,TRBV6,TRAV22,,,IMMUNE SYSTEM,04/03/2007,"Structural basis for recognition of mutant self by a tumor-specific, MHC class II-restricted TCR",DR1,DR1,homo sapiens,homo sapiens,,,homo sapiens,homo sapiens,homo sapiens,"Deng, L., Langley, R.J., Mariuzza, R.A.",2.8,X-RAY DIFFRACTION,0.279,0.207,,,,,TRUE,GELIGILNAAKVPAD,15,DSVNN,IPSGT,AALIQGAQKLV,MNHNY,SVGAGI,ASTYHGTGY
2ian,E,D,,,abTCR,0,C,peptide,15-mer peptide from triosephosphate isomerase,,MH2,A,B,44.165,TRBV6,TRAV22,,,IMMUNE SYSTEM,04/03/2007,"Structural basis for recognition of mutant self by a tumor-specific, MHC class II-restricted TCR",DR1,DR1,homo sapiens,homo sapiens,,,homo sapiens,homo sapiens,homo sapiens,"Deng, L., Langley, R.J., Mariuzza, R.A.",2.8,X-RAY DIFFRACTION,0.296,0.221,,,,,TRUE,GELIGTLNAAKVPAD,15,DSVNN,IPSGT,AALIQGAQKLV,MNHNY,SVGAGI,ASTYHGTGY
2nx5,E,D,,,abTCR,0,C,peptide,"ebv peptide, eplpqgqltay",,MH1,A,B,56.703,TRBV10,TRAV1,,,IMMUNE SYSTEM,02/27/07,Crystal structure of ELS4 TCR bound to HLA-B*3501 presenting EBV peptide EPLPQGQLTAY at 1.7A,B3501,B35,homo sapiens,homo sapiens,,,,homo sapiens,homo sapiens,"Tynan, F.E., Reid, H.H., Rossjohn, J.",2.7,X-RAY DIFFRACTION,0.327,0.269,,,,,TRUE,EPLPQGQLTAY,11,TSGFNG,NVLDGL,AVQASGGSYIPT,ENHRY,SYGVKD,ATGTGDSNQPQH
2oi9,C,B,,,abTCR,0,Q,peptide,peptide (gln)(leu)(ser)(pro)(phe)(pro)(phe)(asp)(leu) ,,MH1,A,,48.24,TRBV13,TRAV9,,,IMMUNE SYSTEM,04/24/07,Structure of the 2C/Ld/QL9 allogeneic complex,H-2Ld,H2Ld,mus musculus,mus musculus,,,,mus musculus,,"Garcia, K.C., Colf, L.A.",2.35,X-RAY DIFFRACTION,0.226,0.22,2.00E-06,ITC,20,17418792,TRUE,QLSPFPFDL,9,YSATPY,YYSGDPVV,AVSGFASALT,NNHNN,SYGAGS,ASGGGGTLY
2ol3,B,A,,,abTCR,0,P,peptide,naturally processed octapeptide pbm8,,MH1,H,L,42.309,TRBV1,TRAV16,,,IMMUNE SYSTEM,04/03/2007,crystal structure of BM3.3 ScFV TCR in complex with PBM8-H-2KBM8 MHC class I molecule,H-2KBM8,H2Kbm8,mus musculus,mus musculus,,,,mus musculus,mus musculus,"Mazza, C., Auphan-Anezin, N., Gregoire, C., Guimezanes, A., Kellenberger, C., Roussel, A., Kearney, A., Van der Merwe, P.A., Schmitt-Verhulst, A.M., Malissen, B.",2.9,X-RAY DIFFRACTION,0.284,0.224,,,,,TRUE,SQYYYNSL,8,TQDSSYF,QDSYKKEN,AMRGDYGGSGNKLI,NSQYPW,LRSPGD,TCSADRVGNTLY
2p5e,E,D,,,abTCR,0,C,peptide,cancer/testis antigen 1b,,MH1,A,B,66.648,TRBV6,TRAV21,,,IMMUNE SYSTEM,09/25/07,Crystal Structures of High Affinity Human T-Cell Receptors Bound to pMHC Reveal Native Diagonal Binding Geometry,A0201,A2,homo sapiens,homo sapiens,,,,homo sapiens,homo sapiens,"Sami, M., Rizkallah, P.J., Dunn, S., Li, Y., Moysey, R., Vuidepot, A., Baston, E., Todorov, P., Molloy, P., Gao, F., Boulter, J.M., Jakobsen, B.K.",1.89,X-RAY DIFFRACTION,0.236,0.178,4.80E-11,SPR,25,17544531,TRUE,SLLMWITQC,9,DSAIYN,ITPWQRE,AVRPLLDGTYIPT,MNHEY,SVAIQT,ASSYLGNTGELF
2p5w,E,D,,,abTCR,0,C,peptide,cancer/testis antigen 1b,,MH1,A,B,65.992,TRBV6,TRAV21,,,IMMUNE SYSTEM,09/25/07,Crystal structures of high affinity human T-cell receptors bound to pMHC reveal native diagonal binding geometry,A0201,A2,homo sapiens,homo sapiens,,,,homo sapiens,homo sapiens,"Sami, M., Rizkallah, P.J., Dunn, S., Li, Y., Moysey, R., Vuidepot, A., Baston, E., Todorov, P., Molloy, P., Gao, F., Boulter, J.M., Jakobsen, B.K.",2.2,X-RAY DIFFRACTION,0.245,0.165,,,,,TRUE,SLLMWITQC,9,DSAIYN,ITPWQRE,AVRPLLDGTYIPT,MNHEY,SVSVGM,ASSYLGNTGELF
2pxy,B,A,,,abTCR,0,P,peptide,myelin basic protein (mbp)-peptide,,MH2,C,D,48.079,TRBV13,TRAV6,,,IMMUNE SYSTEM,10/09/2007,Crystal structures of immune receptor complexes,I-Au,I-Au,mus musculus,mus musculus,,,,mus musculus,mus musculus,"Feng, D., Bond, C.J., Ely, L.K., Garcia, K.C.",2.23,X-RAY DIFFRACTION,0.253,0.218,,,,,TRUE,RGGASQYRPSQ,11,ASGYPA,ASRDKEK,ALSENYGNEKIT,NNHNN,SYGAGS,ASGDASGAETLY
2pye,E,D,,,abTCR,0,C,peptide,cancer/testis antigen 1b,,MH1,A,B,65.755,TRBV6,TRAV21,,,IMMUNE SYSTEM,09/25/07,Crystal Structures of High Affinity Human T-Cell Receptors Bound to pMHC RevealNative Diagonal Binding Geometry TCR Clone C5C1 Complexed with MHC,A0201,A2,homo sapiens,homo sapiens,,,,homo sapiens,homo sapiens,"Sami, M., Rizkallah, P.J., Dunn, S., Li, Y., Moysey, R., Vuidepot, A., Baston, E., Todorov, P., Molloy, P., Gao, F., Boulter, J.M., Jakobsen, B.K.",2.3,X-RAY DIFFRACTION,0.283,0.192,8.16E-08,SPR,25,17544531,TRUE,SLLMWITQC,9,DSAIYN,IQSSQRE,AVRPLLDGTYIPT,MNHEY,SVGAGT,ASSYLGNTGELF
2vlj,E,D,,,abTCR,0,C,peptide,flu matrix peptide,,MH1,A,B,61.297,TRBV19,TRAV27,,,IMMUNE SYSTEM,01/22/08,The Structural Dynamics and Energetics of an Immunodominant T-cell Receptor are Programmed by its Vbeta Domain,A0201,A2,homo sapiens,homo sapiens,,,unidentified influenza virus,homo sapiens,homo sapiens,"Ishizuka, J., Stewart-Jones, G., Van Der Merwe, A., Bell, J., Mcmichael, A., Jones, Y.",2.4,X-RAY DIFFRACTION,0.272,0.196,5.20E-06,SPR,25,18275829,TRUE,GILGFVFTL,9,SVFSS,VVTGGEV,AGAGSQGNLI,LNHDA,SQIVND,ASSSRSSYEQY
2vlr,E,D,,,abTCR,0,C,peptide,flu matrix peptide,,MH1,A,B,61.224,TRBV19,TRAV27,,,IMMUNE SYSTEM,01/22/08,The Structural Dynamics and Energetics of an Immunodominant T-cell Receptor are Programmed by its Vbeta Domain,A0201,A2,homo sapiens,homo sapiens,,,unidentified influenza virus,homo sapiens,homo sapiens,"Ishizuka, J., Stewart-Jones, G., van der Merwe, A., Bell, J., McMichael, A., Jones, Y.",2.3,X-RAY DIFFRACTION,0.281,0.219,4.90E-06,SPR,25,18275829,TRUE,GILGFVFTL,9,SVFSS,VVTGGEV,AGAGSQGNLI,LNHDA,SQIVND,ASSSRASYEQY
2ypl,E,D,,,abTCR,0,C,peptide,kf11 p24 gag peptide,,MH1,A,B,27.481,TRBV19,TRAV5,,,IMMUNE SYSTEM/VIRAL PROTEIN,11/28/12,Structural features underlying T-cell receptor sensitivity to concealed MHC class I micropolymorphisms,B5701,B57,homo sapiens,homo sapiens,,,human immunodeficiency virus,homo sapiens,homo sapiens,"Stewart-Jones, G.B., Simpson, P., van der Merwe, P.A., Easterbrook, P., McMichael, A.J., Rowland-Jones, S.L., Jones, E.Y., Gillespie, G.M.",2.4,X-RAY DIFFRACTION,0.27746,0.22072,,,,,TRUE,KAFSPEVIPMF,11,DSSSTY,IFSNMDM,AVSGGYQKVT,LNHDA,SQIVND,ASTGSYGYT
2z31,B,A,,,abTCR,0,P,peptide,myelin basic protein (mbp)-peptide,,MH2,C,D,47.877,TRBV13,TRAV6,,,IMMUNE SYSTEM,10/09/2007,Crystal structure of immune receptor complex,I-Au,I-Au,mus musculus,mus musculus,,,,mus musculus,mus musculus,"Feng, D., Bond, C.J., Ely, L.K., Garcia, K.C.",2.7,X-RAY DIFFRACTION,0.287,0.235,,,,,TRUE,RGGASQYRPSQ,11,ASGYPA,ASRDKEK,ALSENYGNEKIT,NNHNN,SYGAGS,ASGDASGGNTLY
3d39,E,D,,,abTCR,0,C,peptide,modified htlv-1 tax (y5(4fluoro)f) peptide,,MH1,A,B,36.65,TRBV6,TRAV12,,,IMMUNE SYSTEM,06/16/09,The complex between TCR A6 and human Class I MHC HLA-A2 with the modified HTLV-1 TAX (Y5(4-fluoroPhenylalanine)) peptide,A2,A2,homo sapiens,homo sapiens,,,,homo sapiens,homo sapiens,"Borbulevych, O.Y., Clemens, J.R., Baker, B.M.",2.81,X-RAY DIFFRACTION,0.269,0.201,6.40E-07,SPR,25,19698083,TRUE,LLFGPVYV,8,DRGSQS,IYSNGD,AVTTDSWGKLQ,MNHEY,SVGAGI,ASRPGLAGGRPEQY
3dxa,E,D,,,abTCR,0,C,peptide,ebv decapeptide epitope,,MH1,A,B,58.057,TRBV7,TRAV26,,,IMMUNE SYSTEM,01/27/09,Crystal Structure of the DM1 TCR in complex with HLA-B*4405 and decamer EBV antigen,B4405,B44,homo sapiens,homo sapiens,,,,homo sapiens,homo sapiens,"Archbold, J.K., Macdonald, W.A., Gras, S., Rossjohn, J.",3.5,X-RAY DIFFRACTION,0.33,0.286,,,,,TRUE,EENLLDFVRF,10,TISGNEY,GLKNN,IVWGGYQKVT,SEHNR,FQNEAQ,ASRYRDDSYNEQF
3e2h,C,B,,,abTCR,0,Q,peptide,ql9 peptide,,MH1,A,,46.409,TRBV13,TRAV9,,,IMMUNE SYSTEM,11/04/2008,Structure of the m67 high-affinity mutant of the 2C TCR in complex with Ld/QL9,H-2Ld,H2Ld,mus musculus,mus musculus,,,,mus musculus,,"Colf, L.A., Garcia, K.C.",3.8,X-RAY DIFFRACTION,0.276,0.223,4.60E-06,SPR,,18941216,TRUE,QLSPFPFDL,9,YSATPY,YYSGDPVV,AVSLERPYLT,NNHNN,SYGAGS,ASGGGGTLY
3e3q,E,D,,,abTCR,0,Q,peptide,ql9 peptide,,MH1,A,,44.85,TRBV13,TRAV9,,,IMMUNE SYSTEM,11/04/2008,Structure of the 3alpham13 high-affinity mutant of the 2C TCR in complex with Ld/QL9,H-2Ld,H2Ld,mus musculus,mus musculus,,,,mus musculus,,"Colf, L.A., Garcia, K.C.",2.95,X-RAY DIFFRACTION,0.275,0.25,1.16E-07,SPR,,18941216,TRUE,QLSPFPFDL,9,YSATPY,YYSGDPVV,AVSDPPPLLT,NNHNN,SYGAGS,ASGGGGTLY
3ffc,E,D,,,abTCR,0,C,peptide,flrgraygl peptide from an ebv protein,,MH1,A,B,28.329,TRBV11,TRAV14,,,IMMUNE SYSTEM,01/27/09,Crystal Structure of CF34 TCR in complex with HLA-B8/FLR,B8,B8,homo sapiens,homo sapiens,,,,homo sapiens,homo sapiens,"Gras, S., Burrows, S.R., Kjer-Nielsen, L., Clements, C.S., Liu, Y.C., Sullivan, L.C., Brooks, A.G., Purcell, A.W., McCluskey, J., Rossjohn, J.",2.8,X-RAY DIFFRACTION,0.268,0.221,,,,,TRUE,FLRGRAYGL,9,TSDPSYG,QGSYDQGN,AMREDTGNQFY,SGHAT,FQNNGV,ASSFTWTSGGATDTQY
3gsn,B,A,,,abTCR,0,P,peptide,hcmv pp65 fragment 495-503 (nlvpmvatv),,MH1,H,L,39.456,TRBV6,TRAV24,,,IMMUNE SYSTEM,08/04/2009,Crystal structure of the public RA14 TCR in complex with the HCMV dominant NLV/HLA-A2 epitope,A2,A2,homo sapiens,homo sapiens,,,,homo sapiens,homo sapiens,"Gras, S., Saulquin, X., Reiser, J.-B., Debeaupuis, E., Echasserieau, K., Kissenpfennig, A., Legoux, F., Chouquet, A., Le Gorrec, M., Machillot, P., Neveu, B., Thielens, N., Malissen, B., Bonneville, M., Housset, D.",2.8,X-RAY DIFFRACTION,0.29,0.215,,,,,TRUE,NLVPMVATV,9,SSNFYA,MTLNGDE,ARNTGNQFY,MNHEY,SVGAGI,ASSPVTGGIYGYT
3h9s,E,D,,,abTCR,0,C,peptide,tel1p peptide,,MH1,A,B,36.494,TRBV6,TRAV12,,,IMMUNE SYSTEM,01/12/2010,The complex between TCR A6 and human Class I MHC HLA-A2 with the bound Tel1p peptide,A2,A2,homo sapiens,homo sapiens,,,,homo sapiens,homo sapiens,"Borbulevych, O.Y., Baker, B.M.",2.7,X-RAY DIFFRACTION,0.289,0.217,,,,,TRUE,MLWGYLQYV,9,DRGSQS,IYSNGD,AVTTDSWGKLQ,MNHEY,SVGAGI,ASRPGLAGGRPEQY
3hg1,E,D,,,abTCR,0,C,peptide,cancer/mart-1,,MH1,A,B,48.397,TRBV30,TRAV12,,,IMMUNE SYSTEM,07/28/09,Germline-governed recognition of a cancer epitope by an immunodominant human T cell receptor,A0201,A2,homo sapiens,homo sapiens,,,homo sapiens,homo sapiens,homo sapiens,"Cole, D.K., Yuan, F., Rizkallah, P.J., Miles, J.J., Gostick, E., Price, D.A., Gao, G.F., Jakobsen, B.K., Sewell, A.K.",3,X-RAY DIFFRACTION,0.304,0.225,,,,,FALSE,ELAGIGILTV,10,DRGSQS,IYSNGD,AVNVAGKST,GTSNPN,SVGIG,AWSETGLGTGELF
3kpr,E,D,,,abTCR,0,C,peptide,"eeylkawtf, mimotope peptide",,MH1,A,B,41.623,TRBV7,TRAV26,,,IMMUNE SYSTEM,12/22/09,Crystal Structure of the LC13 TCR in complex with HLA B*4405 bound to EEYLKAWTF a mimotope,B4405,B44,homo sapiens,homo sapiens,,,,homo sapiens,homo sapiens,"Macdonald, W.A., Chen, Z., Gras, S., Archbold, J.K., Tynan, F.E., Clements, C.S., Bharadwaj, M., Kjer-Nielsen, L., Saunders, P.M., Wilce, M.C., Crawford, F., Stadinsky, B., Jackson, D., Brooks, A.G., Purcell, A.W., Kappler, J.W., Burrows, S.R., Rossjohn, J., McCluskey, J.",2.6,X-RAY DIFFRACTION,0.279,0.219,1.54E-06,SPR,25,20064448,TRUE,EEYLKAWTF,9,TISGTDY,GLTSN,ILPLAGGTSYGKLT,SGHVS,FQNEAQ,ASSLGQAYEQY
3kps,E,D,,,abTCR,0,C,peptide,"eeylqafty, self peptide from the atp binding cassetteprotein abcd3 ",,MH1,A,B,43.177,TRBV7,TRAV26,,,IMMUNE SYSTEM,12/22/09,Crystal Structure of the LC13 TCR in complex with HLA B*4405 bound to EEYLQAFTY a self peptide from the ABCD3 protein,B4405,B44,homo sapiens,homo sapiens,,,,homo sapiens,homo sapiens,"Macdonald, W.A., Chen, Z., Gras, S., Archbold, J.K., Tynan, F.E., Clements, C.S., Bharadwaj, M., Kjer-Nielsen, L., Saunders, P.M., Wilce, M.C., Crawford, F., Stadinsky, B., Jackson, D., Brooks, A.G., Purcell, A.W., Kappler, J.W., Burrows, S.R., Rossjohn, J., McCluskey, J.",2.7,X-RAY DIFFRACTION,0.269,0.193,4.90E-05,SPR,25,20064448,TRUE,EEYLQAFTY,9,TISGTDY,GLTSN,ILPLAGGTSYGKLT,SGHVS,FQNEAQ,ASSLGQAYEQY
3kxf,E,D,,,abTCR,0,Q,peptide,peptide from trans-activator protein bzlf1,,MH1,A,B,69.885,TRBV6,TRAV19,,,IMMUNE SYSTEM,06/09/2010,Crystal Structure of SB27 TCR in complex with the 'restriction triad' mutant HLA-B*3508-13mer,B3508,B35,homo sapiens,homo sapiens,,,,homo sapiens,homo sapiens,"Archbold, J.K., Tynan, F.E., Gras, S., Rossjohn, J.",3.1,X-RAY DIFFRACTION,0.291,0.213,,,,,TRUE,LPEPLPQGQLTAY,13,TRDTTYY,RNSFDEQN,ALSGFYNTDKLI,MNHNS,SASEGT,ASPGLAGEYEQY
3mbe,D,C,,,abTCR,0,P,peptide,peptide hel 11-27,,MH2,A,B,47.759,TRBV13,TRAV4,,,IMMUNE SYSTEM,05/12/2010,TCR 21.30 in complex with MHC class II I-Ag7HEL(11-27),I-Ag,I-Ag,mus musculus,mus musculus,,,gallus gallus,mus musculus,mus musculus,"Corper, A.L., Yoshida, K., Teyton, L., Wilson, I.A.",2.886,X-RAY DIFFRACTION,0.281,0.253,,,,,TRUE,GAMKRHGLDNYRGYSLG,17,TTMKS,LAQGT,AAEDGGSGNKLI,NNHDY,SYVADS,ASSWDRAGNTLY
3mv7,E,D,,,abTCR,0,C,peptide,hpvg peptide from epstein-barr nuclear antigen 1,,MH1,A,B,42.517,TRBV9,TRAV20,,,IMMUNE SYSTEM,06/09/2010,Crystal Structure of the TK3 TCR in complex with HLA-B*3501/HPVG,B3501,B35,homo sapiens,homo sapiens,,,,homo sapiens,homo sapiens,"Gras, S., Chen, Z., Miles, J.J., Liu, Y.C., Bell, M.J., Sullivan, L.C., Kjer-Nielsen, L., Brennan, R.M., Burrows, J.M., Neller, M.A., Khanna, R., Purcell, A.W., Brooks, A.G., McCluskey, J., Rossjohn, J., Burrows, S.R.",2,X-RAY DIFFRACTION,0.286,0.225,2.20E-06,SPR,25,20566715,TRUE,HPVGEADYFEY,11,VSGLRG,LYSAGEE,AVQDLGTSGSRLT,SGDLS,YYNGEE,ASSARSGELF
3mv8,E,D,,,abTCR,0,C,peptide,hpvg peptide from epstein-barr nuclear antigen 1,,MH1,A,B,41.6,TRBV9,TRAV20,,,IMMUNE SYSTEM,06/09/2010,Crystal Structure of the TK3-Gln55His TCR in complex with HLA-B*3501/HPVG,B3501,B35,homo sapiens,homo sapiens,,,,homo sapiens,homo sapiens,"Gras, S., Chen, Z., Miles, J.J., Liu, Y.C., Bell, M.J., Sullivan, L.C., Kjer-Nielsen, L., Brennan, R.M., Burrows, J.M., Neller, M.A., Khanna, R., Purcell, A.W., Brooks, A.G., McCluskey, J., Rossjohn, J., Burrows, S.R.",2.1,X-RAY DIFFRACTION,0.276,0.229,3.47E-05,SPR,25,20566715,TRUE,HPVGEADYFEY,11,VSGLRG,LYSAGEE,AVQDLGTSGSRLT,SGDLS,YYNGEE,ASSARSGELF
3mv9,E,D,,,abTCR,0,C,peptide,hpvg peptide from epstein-barr nuclear antigen 1,,MH1,A,B,41.382,TRBV9,TRAV20,,,IMMUNE SYSTEM,06/09/2010,Crystal Structure of the TK3-Gln55Ala TCR in complex with HLA-B*3501/HPVG,B3501,B35,homo sapiens,homo sapiens,,,,homo sapiens,homo sapiens,"Gras, S., Chen, Z., Miles, J.J., Liu, Y.C., Bell, M.J., Sullivan, L.C., Kjer-Nielsen, L., Brennan, R.M., Burrows, J.M., Neller, M.A., Khanna, R., Purcell, A.W., Brooks, A.G., McCluskey, J., Rossjohn, J., Burrows, S.R.",2.7,X-RAY DIFFRACTION,0.331,0.234,5.76E-06,SPR,25,20566715,TRUE,HPVGEADYFEY,11,VSGLRG,LYSAGEE,AVQDLGTSGSRLT,SGDLS,YYNGEE,ASSARSGELF
3o4l,E,D,,,abTCR,0,C,peptide,bslf2/bmlf1 protein,,MH1,A,B,46.314,TRBV20,TRAV5,,,IMMUNE SYSTEM,01/12/2011,Genetic and structural basis for selection of a ubiquitous T cell receptor deployed in Epstein-Barr virus,A0201,A2,homo sapiens,homo sapiens,,,human herpesvirus 4,homo sapiens,homo sapiens,"Miles, J.J., Bulek, A.M., Cole, D.K., Gostick, E., Schauenburg, J.A., Dolton, G., Venturi, V., Davenport, M.P., Tan, M.P., Burrows, S.R., Wooldridge, L., Price, D.A., Rizkallah, P.J., Sewell, A.K.",2.54,X-RAY DIFFRACTION,0.296,0.221,,,,,FALSE,GLCTLVAML,9,DSSSTY,IFSNMDM,AEDNNARLM,DFQATT,SNEGSKA,SARDGTGNGYT
3pqy,E,D,,,abTCR,0,C,peptide,10-mer peptide from rna-directed rna polymerase,,MH1,A,B,50.55,TRBV29,TRAV21,,,IMMUNE SYSTEM,05/18/11,Crystal Structure of 6218 TCR in complex with the H2Db-PA224,H2Db,H2Db,"mus musculus, homo sapiens","mus musculus, homo sapiens",,,,mus musculus,mus musculus,"Gras, S., Guillonneau, C., Turner, S.J., Rossjohn, J.",3.192,X-RAY DIFFRACTION,0.316,0.246,,,,,TRUE,SSLENFRAYV,10,TISGNEY,GLQQN,ILSGGSNYKLT,MSHET,SYDVDS,ASSFGREQY
3pwp,E,D,,,abTCR,0,C,peptide,hud peptide,,MH1,A,B,36.633,TRBV6,TRAV12,,,PROTEIN BINDING,03/09/2011,The complex between TCR A6 and human Class I MHC HLA-A2 with the bound HuD peptide,A2,A2,homo sapiens,homo sapiens,,,,homo sapiens,homo sapiens,"Borbulevych, O.Y., Baker, B.M.",2.69,X-RAY DIFFRACTION,0.259,0.198,,,,,TRUE,LGYGFVNYI,9,DRGSQS,IYSNGD,AVTTDSWGKLQ,MNHEY,SVGAGI,ASRPGLAGGRPEQY
3qdg,E,D,,,abTCR,0,C,peptide,mart-1 (26-35) peptide,,MH1,A,B,34.175,TRBV6,TRAV12,,,IMMUNE SYSTEM,07/06/2011,The complex between TCR DMF5 and human Class I MHC HLA-A2 with the bound MART-1(26-35)(A27L) peptide,A2,A2,homo sapiens,homo sapiens,,,,homo sapiens,homo sapiens,"Borbulevych, O.Y., Baker, B.M.",2.69,X-RAY DIFFRACTION,0.278,0.218,5.60E-06,SPR,25,21795600,TRUE,ELAGIGILTV,10,DRGSQS,IYSNGD,AVNFGGGKLI,MRHNA,SNTAGT,ASSLSFGTEAF
3qdj,E,D,,,abTCR,0,C,peptide,mart-1(27-35) peptide,,MH1,A,B,33.874,TRBV6,TRAV12,,,IMMUNE SYSTEM,07/06/2011,The complex between TCR DMF5 and human Class I MHC HLA-A2 with the bound MART-1(27-35) nonameric peptide,A2,A2,homo sapiens,homo sapiens,,,,homo sapiens,homo sapiens,"Borbulevych, O.Y., Baker, B.M.",2.3,X-RAY DIFFRACTION,0.299,0.24,4.00E-05,SPR,25,21795600,TRUE,AAGIGILTV,9,DRGSQS,IYSNGD,AVNFGGGKLI,MRHNA,SNTAGT,ASSLSFGTEAF
3qdm,E,D,,,abTCR,0,C,peptide,mart-1(27-35) peptide,,MH1,A,B,30.93,TRBV10,TRAV35,,,IMMUNE SYSTEM,07/06/2011,The complex between TCR DMF4 and human Class I MHC HLA-A2 with the bound MART-1(26-35)(A27L) decameric peptide,A2,A2,homo sapiens,homo sapiens,,,,homo sapiens,homo sapiens,"Borbulevych, O.Y., Baker, B.M.",2.8,X-RAY DIFFRACTION,0.284,0.211,2.90E-05,SPR,25,21795600,TRUE,ELAGIGILTV,10,SIFNT,LYKAGEL,AGGTGNQFY,ENHRY,SYGVKD,AISEVGVGQPQH
3qeq,E,D,,,abTCR,0,C,peptide,mart-1(27-35) peptide,,MH1,A,B,44.348,TRBV10,TRAV35,,,IMMUNE SYSTEM,07/06/2011,The complex between TCR DMF4 and human Class I MHC HLA-A2 with the bound MART-1(27-35) nonameric peptide,A2,A2,homo sapiens,homo sapiens,,,,homo sapiens,homo sapiens,"Borbulevych, O.Y., Baker, B.M.",2.59,X-RAY DIFFRACTION,0.269,0.215,0.00017,SPR,25,21795600,TRUE,AAGIGILTV,9,SIFNT,LYKAGEL,AGGTGNQFY,ENHRY,SYGVKD,AISEVGVGQPQH
3qfj,E,D,,,abTCR,0,C,peptide,tax(y5f) peptide,,MH1,A,B,35.624,TRBV6,TRAV12,,,IMMUNE SYSTEM,01/11/2012,The complex between TCR A6 and human Class I MHC HLA-A2 with the modified TAX (Y5F) peptide,A2,A2,homo sapiens,homo sapiens,,,,homo sapiens,homo sapiens,"Borbulevych, O.Y., Baker, B.M.",2.29,X-RAY DIFFRACTION,0.271,0.218,,,,,TRUE,LLFGFPVYV,9,DRGSQS,IYSNGD,AVTTDSWGKLQ,MNHEY,SVGAGI,ASRPGLAGGRPEQY
3qib,D,C,,,abTCR,0,P,peptide,mcc peptide,,MH2,A,B,37.385,TRBV26,TRAV4,,,IMMUNE SYSTEM,04/27/11,Crystal structure of the 2B4 TCR in complex with MCC/I-Ek,I-Ek,I-Ek,mus musculus,homo sapiens,,,manduca sexta,mus musculus,mus musculus,"Ely, L.K., Newell, E.W., Davis, M.M., Garcia, K.C.",2.7,X-RAY DIFFRACTION,0.246,0.221,1.37E-05,SPR,25,21490152,TRUE,ADLIAYLKQATKG,13,TTMRA,LASGT,AALRATGGNNKLT,KGHPV,FQNQEV,ASSLNWSQDTQY
3qiu,D,C,,,abTCR,0,E,peptide,mcc peptide,,MH2,A,B,39.899,TRBV26,TRAV4,,,IMMUNE SYSTEM,04/27/11,Crystal structure of the 226 TCR in complex with MCC/I-Ek,I-Ek,I-Ek,mus musculus,mus musculus,,,manduca sexta,mus musculus,mus musculus,"Kruse, A.C., Ely, L.K., Newell, E.W., Davis, M.M., Garcia, K.C.",2.7,X-RAY DIFFRACTION,0.254,0.215,3.21E-07,SPR,25,21490152,TRUE,ADLIAYLKQATKG,13,TTMRA,LASGT,AAEPSSGQKLV,KGHPV,FQNQEV,ASSLNNANSDYT
3qiw,D,C,,,abTCR,0,E,peptide,mcc-p5e peptide,,MH2,A,B,40.885,TRBV26,TRAV4,,,IMMUNE SYSTEM,04/27/11,Crystal structure of the 226 TCR in complex with MCC-p5E/I-Ek,I-Ek,I-Ek,mus musculus,manduca sexta,,,mus musculus,mus musculus,mus musculus,"Kruse, A.C., Ely, L.K., Newell, E.W., Davis, M.M., Garcia, K.C.",3.3,X-RAY DIFFRACTION,0.267,0.212,0.0005,SPR,25,21490152,TRUE,ADLIAYLEQATKG,13,TTMRA,LASGT,AAEPSSGQKLV,KGHPV,FQNQEV,ASSLNNANSDYT
3rgv,B,A,,,abTCR,0,E,peptide,peptide,,MH1,C,D,52.62,TRBV13,TRAV6,,,IMMUNE SYSTEM,07/20/11,A single TCR bound to MHCI and MHC II reveals switchable TCR conformers,H-2Kb,H2Kb,mus musculus,mus musculus,,,mus musculus,mus musculus,mus musculus,"Dai, S., Huseby, E., Scott-Browne, J., Rubtsova, K., Pinilla, C., Crawford, F., Marrack, P., Yin, L., Kappler, J.W.",2.9,X-RAY DIFFRACTION,0.254,0.202,,,,,TRUE,WIYVYRPMGCGGS,13,TTGYPT,VTTANNK,AANSGTYQR,NNHNN,SYGAGS,ASGDFWGDTLY
3sjv,E,D,,,abTCR,0,C,peptide,epstein-barr nuclear antigen 3,,MH1,A,B,37.463,TRBV6,TRAV12,,,IMMUNE SYSTEM,02/29/12,Crystal structure of the RL42 TCR in complex with HLA-B8-FLR,B8,B8,homo sapiens,homo sapiens,,,human herpesvirus 4,homo sapiens,homo sapiens,"Gras, S., Wilmann, P.G., Zhenjun, C., Hanim, H., Yu Chih, L., Kjer-Nielsen, L., Purcell, A.W., Burrows, S.R., Mccluskey, J., Rossjohn, J.",3.1,X-RAY DIFFRACTION,0.321,0.253,,,,,TRUE,FLRGRAYGL,9,NSASQS,VYSSG,VVRAGKLI,MNHEY,SVGEGT,ASGQGNFDIQY
3tf7,C,c,,,abTCR,0,B,peptide,ql9 peptide (qlspfpfdl),,MH1,A,,50.508,TRBV13,TRAV9,,,IMMUNE SYSTEM,12/07/2011,42F3 QL9/H2-Ld complex,H2Ld,H2Ld,mus musculus,,,,mus musculus,mus musculus,,"Adams, J.J., Kranz, D.M., Garcia, K.C.",2.75,X-RAY DIFFRACTION,0.261,0.237,0.000399,SPR,25,22101157,TRUE,QLSPFPFDL,9,YSATPY,YYSGDPVV,AVSAKGTGSKLS,NSHNY,SYGAGN,ASSDAPGQLY
3tfk,D,C,,,abTCR,0,B,peptide,p4b10 peptide,,MH1,A,,45.572,TRBV13,TRAV9,,,IMMUNE SYSTEM,12/07/2011,42F3-p4B10/H2-Ld,H2Ld,H2Ld,"mus musculus, homo sapiens","mus musculus, homo sapiens",,,,mus musculus,,"Adams, J.J., Kranz, D.M., Garcia, K.C.",2.753,X-RAY DIFFRACTION,0.291,0.247,9.70E-06,SPR,25,22101157,TRUE,QLSDVPMDL,9,YSATPY,YYSGDPVV,AVSAKGTGSKLS,NSHNY,SYGAGN,ASSDAPGQLY
3tjh,D,C,,,abTCR,0,B,peptide,p3a1,,MH1,A,,22.417,TRBV13,TRAV9,,,IMMUNE SYSTEM,12/07/2011,42F3-p3A1/H2-Ld complex,H2Ld,H2Ld,"mus musculus, homo sapiens","mus musculus, homo sapiens",,,,mus musculus,,"Adams, J.J., Kruse, A., Kranz, D.M., Garcia, K.C.",2.12,X-RAY DIFFRACTION,0.237,0.206,3.90E-06,SPR,25,22101157,TRUE,SPLDSLWWI,9,YSATPY,YYSGDPVV,AVSAKGTGSKLS,NSHNY,SYGAGN,ASSDAPGQLY
3tpu,B,A,,,abTCR,0,J,peptide,p5e8 peptide,,MH1,I,,42.339,TRBV13,TRAV9,,,IMMUNE SYSTEM,12/07/2011,42F3 p5E8/H2-Ld complex,H2Ld,H2Ld,"mus musculus, homo sapiens","mus musculus, homo sapiens",,,,mus musculus,,"Adams, J.J., Kranz, D.M., Garcia, K.C.",3.1,X-RAY DIFFRACTION,0.258,0.231,4.80E-05,SPR,25,22101157,TRUE,FLSPFWFDI,9,YSATPY,YYSGDPVV,AVSAKGTGSKLS,NSHNY,SYGAGN,ASSDAPGQLY
3uts,E,D,,,abTCR,0,C,peptide,insulin,,MH1,A,B,36.754,TRBV12,TRAV12,,,IMMUNE SYSTEM,01/25/12,"1E6-A*0201-ALWGPDPAAA Complex, Monoclinic",A0201,A2,homo sapiens,homo sapiens,,,homo sapiens,homo sapiens,homo sapiens,"Rizkallah, P.J., Cole, D.K., Sewell, A.K., Bulek, A.M.",2.712,X-RAY DIFFRACTION,0.269,0.201,,,,,TRUE,ALWGPDPAAA,10,NSAFQY,TYSSGN,AMRGDSSYKLI,SGHDY,FNNNVP,ASSLWEKLAKNIQY
3utt,E,D,,,abTCR,0,C,peptide,insulin,,MH1,A,B,47.226,TRBV12,TRAV12,,,IMMUNE SYSTEM,01/25/12,"1E6-A*0201-ALWGPDPAAA Complex, Triclinic",A0201,A2,homo sapiens,homo sapiens,,,homo sapiens,homo sapiens,homo sapiens,"Rizkallah, P.J., Cole, D.K., Sewell, A.K., Bulek, A.M., Rossjohn, J., Gras, S.",2.6,X-RAY DIFFRACTION,0.274,0.195,,,,,TRUE,ALWGPDPAAA,10,NSAFQY,TYSSGN,AMRGDSSYKLI,SGHDY,FNNNVP,ASSLWEKLAKNIQY
3vxm,E,D,,,abTCR,0,C,peptide,10-mer peptide from protein nef,,MH1,A,B,49.624,TRBV4,TRAV8,,,IMMUNE SYSTEM,10/23/13,The complex between C1-28 TCR and HLA-A24 bound to HIV-1 Nef134-10(2F) peptide,A24,A24,homo sapiens,homo sapiens,,,human immunodeficiency virus 1,homo sapiens,homo sapiens,"Shimizu, A., Fukai, S., Yamagata, A., Iwamoto, A.",2.5,X-RAY DIFFRACTION,0.267,0.209,2.11E-05,SPR,25,24192765,TRUE,RFPLTFGWCF,10,YGATPY,YFSGDTLV,AVGAPSGAGSYQLT,MGHRA,YSYEKL,ASSPTSGIYEQY
3vxr,E,D,,,abTCR,0,C,peptide,10-mer peptide from protein nef,,MH1,A,B,51.107,TRBV7,TRAV21,,,IMMUNE SYSTEM,10/23/13,The complex between H27-14 TCR and HLA-A24 bound to HIV-1 Nef134-10(wt) peptide,A24,A24,homo sapiens,homo sapiens,,,human immunodeficiency virus 1,homo sapiens,homo sapiens,"Shimizu, A., Fukai, S., Yamagata, A., Iwamoto, A.",2.4,X-RAY DIFFRACTION,0.242,0.199,9.70E-06,SPR,25,24192765,TRUE,RYPLTFGWCF,10,DSAIYN,IQSSQRE,AVRMDSSYKLI,SEHNR,FQNEAQ,ASSSWDTGELF
3vxs,E,D,,,abTCR,0,C,peptide,10-mer peptide from protein nef,,MH1,A,B,53.683,TRBV7,TRAV21,,,IMMUNE SYSTEM,10/23/13,The complex between H27-14 TCR and HLA-A24 bound to HIV-1 Nef134-10(6L) peptide,A24,A24,homo sapiens,homo sapiens,,,human immunodeficiency virus 1,homo sapiens,homo sapiens,"Shimizu, A., Fukai, S., Yamagata, A., Iwamoto, A.",1.8,X-RAY DIFFRACTION,0.23,0.201,6.48E-05,SPR,25,24192765,TRUE,RYPLTLGWCF,10,DSAIYN,IQSSQRE,AVRMDSSYKLI,SEHNR,FQNEAQ,ASSSWDTGELF
3vxu,E,D,,,abTCR,0,C,peptide,10-mer peptide from protein nef,,MH1,A,B,,TRBV27,TRAV12,,,IMMUNE SYSTEM,10/23/13,The complex between T36-5 TCR and HLA-A24 bound to HIV-1 Nef134-10(2F) peptide,A24,A24,homo sapiens,homo sapiens,,,human immunodeficiency virus 1,homo sapiens,homo sapiens,"Shimizu, A., Fukai, S., Yamagata, A., Iwamoto, A.",2.7,X-RAY DIFFRACTION,0.323,0.272,1.60E-06,SPR,25,24192765,TRUE,RFPLTFGWCF,10,DRGSQS,IYSNGD,GTYNQGGKLI,MNHEY,SMNVEV,ASSGASHEQY
3w0w,E,D,,,abTCR,0,C,peptide,10-mer peptide from protein nef,,MH1,A,B,,TRBV27,TRAV12,,,IMMUNE SYSTEM,11/06/2013,The complex between T36-5 TCR and HLA-A24 bound to HIV-1 Nef134-10(2F) peptide in space group P212121,A24,A24,homo sapiens,homo sapiens,,,human immunodeficiency virus 1,homo sapiens,homo sapiens,"Shimizu, A., Fukai, S., Yamagata, A., Iwamoto, A.",2.603,X-RAY DIFFRACTION,0.25,0.186,,,,,TRUE,RFPLTFGWCF,10,DRGSQS,IYSNGD,GTYNQGGKLI,MNHEY,SMNVEV,ASSGASHEQY
4c56,H,G,,,abTCR,0,L,peptide,hemagglutinin | enterotoxin b,NA | NA,MH2,J,K,64.873,TRBV19,TRAV22,,,IMMUNE SYSTEM/TOXIN,07/23/14,"X-ray structure of the complex between staphylococcal enterotoxin B, T cell receptor and major histocompatibility complex class II",DR1,DR1,homo sapiens,homo sapiens,,,influenza a virus | staphylococcus aureus,homo sapiens,homo sapiens,"Rodstrom, K.E.J., Elbing, K., Lindkvist-Petersson, K.",2.9,X-RAY DIFFRACTION,0.2511,0.2329,,,,,TRUE,PKYVKQNTLKLAT,13,DSVNN,IPSGT,AVDSATSGTYKYI,LNHDA,SQIVND,ASSSRSSYEQY
4e41,E,D,,,abTCR,0,C,peptide,triosephosphate isomerase,,MH2,A,B,46.085,TRBV5,TRAV22,,,IMMUNE SYSTEM,08/29/12,"Structural basis for the recognition of mutant self by a tumor-specific, MHC class II-restricted T cell receptor G4",DR1,DR1,homo sapiens,homo sapiens,,,homo sapiens,homo sapiens,homo sapiens,"Deng, L., Langley, R.J., Wang, Q., Topalian, S.L., Mariuzza, R.A.",2.6,X-RAY DIFFRACTION,0.264,0.197,,,,,TRUE,GELIGILNAAKVPAD,15,DSVNN,IPSGT,AVDRGSTLGRLY,SGHTS,YDEGEE,ASSQIRETQY
4eup,H,G,,,abTCR,0,F,peptide,melanoma antigen recognized by t-cells 1,,MH1,D,E,31.751,TRBV28,TRAV12,,,IMMUNE SYSTEM,05/01/2013,The complex between TCR JKF6 and human Class I MHC HLA-A2 presenting the MART-1(27-35)(A27L) peptide,A2,A2,homo sapiens,homo sapiens,,,homo sapiens,homo sapiens,homo sapiens,"Hossain, M., Baker, B.M.",2.88,X-RAY DIFFRACTION,0.295,0.235,,,,,TRUE,ALGIGILTV,9,DRGSQS,IYSNGD,AVSGGGADGLT,MDHEN,SYDVKM,ASSFLGTGVEQY
4ftv,E,D,,,abTCR,0,C,peptide,protein tax-1,,MH1,A,B,34.205,TRBV6,TRAV12,,,IMMUNE SYSTEM,07/03/2013,The complex between the high affinity version of A6 TCR (A6c134) and human Class I MHC HLA-A2 with the bound TAX nonameric peptide,A2,A2,homo sapiens,homo sapiens,,,human t-cell lymphotropic virus type 1 (africanisolate) ,homo sapiens,homo sapiens,"Borbulevych, O.Y., Baker, B.M.",2.74,X-RAY DIFFRACTION,0.26,0.216,,,,,TRUE,LLFGYPVYV,9,DRGSQS,IYSNGD,AVTTDSWGKLQ,MNHEY,SVGAGI,ASRPGLMSAQPEQY
4g8g,E,D,,,abTCR,0,C,peptide,p24,,MH1,A,B,41.186,TRBV6,TRAV14,,,IMMUNE SYSTEM,03/20/13,Crystal Structure of C12C TCR-HA B2705-KK10,B2705,B27,homo sapiens,homo sapiens,,,human immunodeficiency virus 1,homo sapiens,homo sapiens,"Gras, S., Wilmann, P.G., Rossjohn, J.",2.4,X-RAY DIFFRACTION,0.257,0.178,4.58E-06,SPR,25,23521884,TRUE,KRWIILGLNK,10,TSDQSYG,QGSYDEQN,AMRDLRDNFNKFY,MNHEY,SVGAGI,ASREGLGGTEAF
4g9f,E,D,,,abTCR,0,C,peptide,gag protein,,MH1,A,B,41.591,TRBV6,TRAV14,,,IMMUNE SYSTEM,03/20/13,Crystal Structure of C12C TCR-HLAB2705-KK10-L6M,B2705,B27,homo sapiens,homo sapiens,,,human immunodeficiency virus 1,homo sapiens,homo sapiens,"Gras, S., Wilmann, P.G., Rossjohn, J.",1.9,X-RAY DIFFRACTION,0.238,0.187,1.10E-06,SPR,25,23521884,TRUE,KRWIIMGLNK,10,TSDQSYG,QGSYDEQN,AMRDLRDNFNKFY,MNHEY,SVGAGI,ASREGLGGTEAF
4gg6,F,E,,,abTCR,0,I,peptide,peptide from alpha/beta-gliadin mm1,,MH2,C,D,42.84,TRBV9,TRAV26,,,IMMUNE SYSTEM,10/24/12,Protein complex,DQ8,DQ8,homo sapiens,homo sapiens,,,triticum aestivum,homo sapiens,homo sapiens,"Broughton, S.E., Theodossis, A., Petersen, J., Reid, H.H., Rossjohn, J.",3.2,X-RAY DIFFRACTION,0.285,0.246,,,,,TRUE,SGEGSFQPSQENP,13,TISGTDY,GLTSN,ILRDGRGGADGLT,SGDLS,YYNGEE,ASSVAVSAGTYEQY
4h1l,H,G,,,abTCR,0,F,peptide,mimotope peptide,,MH2,D,E,56.405,TRBV19,TRAV8,,,IMMUNE SYSTEM,11/14/12,TCR interaction with peptide mimics of nickel offers structural insights in nickel contact allergy,DR52,DR52,escherichia coli,escherichia coli,,,escherichia coli,homo sapiens,homo sapiens,"Kappler, J.W., Yin, L., Dai, S., Marrack, P.",3.3,X-RAY DIFFRACTION,0.285,0.263,3.83E-05,SPR,,23091041,TRUE,QHIRCNIPKRISA,13,YGATPY,YFSGDTLV,AVGASGNTGKLI,LNHDA,SQIVND,ASSLRDGYTGELF
4jfd,E,D,,,abTCR,0,C,peptide,melanoma peptide,,MH1,A,B,42.674,TRBV30,TRAV12,,,IMMUNE SYSTEM,05/29/13,Preservation of peptide specificity during TCR-MHC contact dominated affinity enhancement of a melanoma-specific TCR,A2,A2,homo sapiens,homo sapiens,,,,homo sapiens,homo sapiens,"Rizkallah, P.J., Cole, D.K., Madura, F., Sewell, A.K.",2.46,X-RAY DIFFRACTION,0.248,0.202,,,,,TRUE,ELAAIGILTV,10,FLGSQS,TYREGD,AVNDGGRLT,GTSNPN,WGPFG,AWSETGLGMGGWQ
4jfe,E,D,,,abTCR,0,C,peptide,melanoma peptide l7a,,MH1,A,B,42.798,TRBV30,TRAV12,,,IMMUNE SYSTEM,05/29/13,Preservation of peptide specificity during TCR-MHC contact dominated affinity enhancement of a melanoma-specific TCR,A2,A2,homo sapiens,homo sapiens,,,,homo sapiens,homo sapiens,"Rizkallah, P.J., Cole, D.K., Madura, F., Sewell, A.K.",2.7,X-RAY DIFFRACTION,0.25,0.202,,,,,TRUE,ELAGIGALTV,10,FLGSQS,TYREGD,AVNDGGRLT,GTSNPN,WGPFG,AWSETGLGMGGWQ
4jff,E,D,,,abTCR,0,C,peptide,melanoma motif,,MH1,A,B,42.977,TRBV30,TRAV12,,,IMMUNE SYSTEM,05/29/13,Preservation of peptide specificity during TCR-MHC contact dominated affinity enhancement of a melanoma-specific TCR,A2,A2,homo sapiens,homo sapiens,,,homo sapiens,homo sapiens,homo sapiens,"Rizkallah, P.J., Cole, D.K., Madura, F., Sewell, A.K.",2.43,X-RAY DIFFRACTION,0.263,0.21,,,,,TRUE,ELAGIGILTV,10,FLGSQS,TYREGD,AVNDGGRLT,GTSNPN,WGPFG,AWSETGLGMGGWQ
4jrx,E,D,,,abTCR,0,C,peptide,trans-activator protein bzlf1,,MH1,A,B,67.964,TRBV6,TRAV19,,,IMMUNE SYSTEM,04/10/2013,Crystal Structure of CA5 TCR-HLA B*3505-LPEP complex,B3505,B35,homo sapiens,homo sapiens,,,human herpesvirus 4,homo sapiens,homo sapiens,"Liu, Y.C., Rossjohn, J., Gras, S.",2.3,X-RAY DIFFRACTION,0.257,0.205,3.75E-06,SPR,25,23569211,TRUE,LPEPLPQGQLTAY,13,TRDTTYY,RNSFDEQN,ALSGFYNTDKLI,MNHNS,SASEGT,ASPGETEAF
4jry,E,D,,,abTCR,0,C,peptide,trans-activator protein bzlf1,,MH1,A,B,63.754,TRBV5,TRAV39,,,IMMUNE SYSTEM,04/10/2013,Crystal Structure of SB47 TCR-HLA B*3505-LPEP complex,B3505,B35,homo sapiens,homo sapiens,,,human herpesvirus 4,homo sapiens,homo sapiens,"Liu, Y.C., Rossjohn, J., Gras, S.",2.8,X-RAY DIFFRACTION,0.233,0.2,2.50E-05,SPR,25,23569211,TRUE,LPEPLPQGQLTAY,13,TTSDR,LLSNGAV,AVGGGSNYQLI,SGHDT,YYEEEE,ASSRTGSTYEQY
4l3e,E,D,,,abTCR,0,C,peptide,melanoma antigen recognized by t-cells 1,,MH1,A,B,32.607,TRBV6,TRAV12,,,IMMUNE SYSTEM,06/11/2014,"The complex between high affinity TCR DMF5(alpha-D26Y,beta-L98W) and human Class I MHC HLA-A2 with the bound MART-1(26-35)(A27L) peptide",A2,A2,homo sapiens,homo sapiens,,,homo sapiens,homo sapiens,homo sapiens,"Hellman, L.M.",2.557,X-RAY DIFFRACTION,0.266,0.229,,,,,TRUE,ELAGIGILTV,10,YRGSQS,IYSNGD,AVNFGGGKLI,MRHNA,SNTAGT,ASSWSFGTEAF
4mji,E,D,,,abTCR,0,C,peptide,hiv reverse transcriptase peptide marker,,MH1,A,B,44.03,TRBV7,TRAV17,,,IMMUNE SYSTEM,05/28/14,T cell response to a HIV reverse transcriptase epitope presented by the protective allele HLA-B*51:01,B5101,B51,homo sapiens,homo sapiens,,,human immunodeficiency virus 1,homo sapiens,homo sapiens,"Rizkallah, P.J., Cole, D.K., Sewell, A.K., Motozono, C., Takiguchi, M.",2.99,X-RAY DIFFRACTION,0.304,0.242,,,,,TRUE,TAFTIPSI,8,TSINN,IRSNERE,ATDDDSARQLT,SGHTA,FQGTGA,ASSLTGGGELF
4mnq,E,D,,,abTCR,0,C,peptide,telomerase reverse transcriptase,,MH1,A,B,43.052,TRBV6,TRAV22,,,IMMUNE SYSTEM,11/13/13,TCR-peptide specificity overrides affinity enhancing TCR-MHC interactions,A2,A2,homo sapiens,"pan troglodytes, homo sapiens",,,homo sapiens,homo sapiens,homo sapiens,"Rizkallah, P.J., Cole, D.K., Sewell, A.K., Jakobsen, B.K.",2.742,X-RAY DIFFRACTION,0.284,0.214,,,,,TRUE,ILAKFLHWL,9,DSVNN,IPSGT,AVDSATALPYGYI,MNHEY,SIHPEY,ASSYQGTEAF
4ms8,D,C,,,abTCR,0,B,peptide,pcpb9,,MH1,A,,66.268,TRBV13,TRAV9,,,IMMUNE SYSTEM,09/24/14,42F3 TCR pCPB9/H-2Ld Complex,H2Ld,H2Ld,mus musculus,mus musculus,,,,mus musculus,,"Birnbaum, M.E., Adams, J.J., Garcia, K.C.",1.922,X-RAY DIFFRACTION,0.219,0.181,,,,,TRUE,SPAEAGFFL,9,YSATPY,YYSGDPVV,AVSAKGTGSKLS,NSHNY,SYGAGN,ASSDAPGQLY
4mvb,D,C,,,abTCR,0,B,peptide,pcpb7,,MH1,A,,58.425,TRBV13,TRAV9,,,IMMUNE SYSTEM,08/19/15,42F3 pCPB7/H-2Ld Complex,H2Ld,H2Ld,"mus musculus, homo sapiens","mus musculus, homo sapiens",,,,mus musculus,,"Birnbaum, M.E., Adams, J.J., Garcia, K.C.",3.088,X-RAY DIFFRACTION,0.279,0.231,,,,,TRUE,QPAEGGFQL,9,YSATPY,YYSGDPVV,AVSAKGTGSKLS,NSHNY,SYGAGN,ASSDAPGQLY
4mxq,D,C,,,abTCR,0,B,peptide,pcpc5,,MH1,A,,47.771,TRBV13,TRAV9,,,IMMUNE SYSTEM,08/19/15,42F3 TCR pCPC5/H-2Ld Complex,H2Ld,H2Ld,"mus musculus, homo sapiens","mus musculus, homo sapiens",,,,mus musculus,,"Birnbaum, M.E., Adams, J.J., Garcia, K.C.",2.596,X-RAY DIFFRACTION,0.24,0.211,,,,,TRUE,SPAPRPLDL,9,YSATPY,YYSGDPVV,AVSAKGTGSKLS,NSHNY,SYGAGN,ASSDAPGQLY
4n0c,D,C,,,abTCR,0,B,peptide,pcpe3,,MH1,A,,45.432,TRBV13,TRAV9,,,IMMUNE SYSTEM,08/19/15,42F3 TCR pCPE3/H-2Ld complex,H2Ld,H2Ld,"mus musculus, homo sapiens","mus musculus, homo sapiens",,,,mus musculus,,"Birnbaum, M.E., Adams, J.J., Garcia, K.C.",2.9,X-RAY DIFFRACTION,0.247,0.192,,,,,TRUE,MPAGRPWDL,9,YSATPY,YYSGDPVV,AVSAKGTGSKLS,NSHNY,SYGAGN,ASSDAPGQLY
4n5e,D,C,,,abTCR,0,B,peptide,pcpa12,,MH1,A,,45.286,TRBV13,TRAV9,,,IMMUNE SYSTEM,08/19/15,42F3 TCR pCPA12/H-2Ld complex,H2Ld,H2Ld,"mus musculus, homo sapiens","mus musculus, homo sapiens",,,,mus musculus,,"Birnbaum, M.E., Adams, J.J., Garcia, K.C.",3.059,X-RAY DIFFRACTION,0.227,0.194,,,,,TRUE,VPYMAEFGM,9,YSATPY,YYSGDPVV,AVSAKGTGSKLS,NSHNY,SYGAGN,ASSDAPGQLY
4ozf,H,G,,,abTCR,0,J,peptide,deamidated gliadin-alpha2 peptide,,MH2,A,B,46.659,TRBV7,TRAV26,,,IMMUNE SYSTEM,04/16/14,JR5.1 protein complex,DQ2,DQ2,homo sapiens,homo sapiens,,,triticum aestivum,homo sapiens,homo sapiens,"Petersen, J., Reid, H.H., Rossjohn, J.",2.7,X-RAY DIFFRACTION,0.238,0.184,7.94E-05,SPR,20,24777060,TRUE,APQPELPYPQPGS,13,TISGNEY,GLKNN,IAFQGAQKLV,SGHTA,FQGNSA,ASSFRALAADTQY
4ozg,F,E,,,abTCR,0,I,peptide,deamidated gliadin-alpha2 peptide,,MH2,C,D,35.009,TRBV7,TRAV26,,,IMMUNE SYSTEM,04/16/14,D2 protein complex,DQ2,DQ2,homo sapiens,homo sapiens,,,triticum aestivum,homo sapiens,homo sapiens,"Petersen, J., Reid, H.H., Rossjohn, J.",3,X-RAY DIFFRACTION,0.241,0.203,1.58E-05,SPR,20,24777060,TRUE,APQPELPYPQPGS,13,TISGNEY,GLKNN,IVLGGADGLT,SGHTA,FQGNSA,ASSFRFTDTQY
4ozh,F,E,,,abTCR,0,I,peptide,gliadin-alpha2 peptide,,MH2,C,D,32.917,TRBV7,TRAV26,,,IMMUNE SYSTEM,04/16/14,S16 protein complex,DQ2,DQ2,homo sapiens,homo sapiens,,,triticum aestivum,homo sapiens,homo sapiens,"Petersen, J., Reid, H.H., Rossjohn, J.",2.8,X-RAY DIFFRACTION,0.243,0.226,2.48E-05,SPR,20,24777060,TRUE,APQPELPYPQPG,12,TISGNEY,GLKNN,IVWGGATNKLI,SGHTA,FQGNSA,ASSVRSTDTQY
4p2o,D,C,,,abTCR,0,P,peptide,2a peptide,,MH2,A,B,39.434,TRBV26,TRAV4,,,IMMUNE SYSTEM,05/21/14,Crystal structure of the 2B4 TCR in complex with 2A/I-Ek,I-Ek,I-Ek,mus musculus,mus musculus,,,synthetic construct,mus musculus,mus musculus,"Birnbaum, M.E., Ozkan, E., Garcia, K.C.",2.603,X-RAY DIFFRACTION,0.245,0.189,,,,,TRUE,PADPLAFFSSAIKGGGGSLV,20,TTMRA,LASGT,AALRATGGNNKLT,KGHPV,FQNQEV,ASSLNWSQDTQY
4p2q,E,D,,,abTCR,0,C,peptide,5c2 peptide,,MH2,A,B,32.564,TRBV26,TRAV4,,,IMMUNE SYSTEM,05/21/14,Crystal structure of the 5cc7 TCR in complex with 5c2/I-Ek,I-Ek,I-Ek,mus musculus,mus musculus,,,synthetic construct,mus musculus,mus musculus,"Birnbaum, M.E., Ozkan, E., Garcia, K.C.",3.3,X-RAY DIFFRACTION,0.236,0.188,,,,,TRUE,ADGLAYFRSSFKGG,14,TTMRA,LASGT,AAEASNTNKVV,KGHPV,FQNQEV,ASSLNNANSDYT
4p2r,E,D,,,abTCR,0,C,peptide,5c1 peptide,,MH2,A,B,32.75,TRBV26,TRAV4,,,IMMUNE SYSTEM,05/21/14,Crystal structure of the 5cc7 TCR in complex with 5c1/I-Ek,I-Ek,I-Ek,mus musculus,mus musculus,,,synthetic construct,mus musculus,mus musculus,"Birnbaum, M.E., Ozkan, E., Garcia, K.C.",3.295,X-RAY DIFFRACTION,0.243,0.212,,,,,TRUE,ANGVAFFLTPFKA,13,TTMRA,LASGT,AAEASNTNKVV,KGHPV,FQNQEV,ASSLNNANSDYT
4prh,E,D,,,abTCR,0,C,peptide,epstein-barr nuclear antigen 1,,MH1,A,,44.372,TRBV9,TRAV20,,,IMMUNE SYSTEM,04/30/14,Crystal structure of TK3 TCR-HLA-B*35:08-HPVG-D5 complex,B3508,B35,homo sapiens,homo sapiens,,,human herpesvirus 4,homo sapiens,,"Yu Chih, L., Rossjohn, J., Gras, S.",2.5,X-RAY DIFFRACTION,0.253,0.212,2.54E-05,SPR,25,24759101,TRUE,HPVGDADYFEY,11,VSGLRG,LYSAGEE,AVQDLGTSGSRLT,SGDLS,YYNGEE,ASSARSGELF
4pri,E,D,,,abTCR,0,C,peptide,epstein-barr nuclear antigen 1,,MH1,A,B,42.699,TRBV9,TRAV20,,,IMMUNE SYSTEM,04/16/14,Crystal structure of TK3 TCR-HLA-B*35:08-HPVG complex,B3508,B35,homo sapiens,homo sapiens,,,human herpesvirus 4,homo sapiens,homo sapiens,"Yu Chih, L., Rossjohn, J., Gras, S.",2.4,X-RAY DIFFRACTION,0.261,0.213,9.32E-05,SPR,25,24759101,TRUE,HPVGEADYFEY,11,VSGLRG,LYSAGEE,AVQDLGTSGSRLT,SGDLS,YYNGEE,ASSARSGELF
4prp,E,D,,,abTCR,0,C,peptide,epstein-barr nuclear antigen 1,,MH1,A,B,42.431,TRBV9,TRAV20,,,IMMUNE SYSTEM,04/16/14,Crystal structure of TK3 TCR-HLA-B*35:01-HPVG-Q5 complex,B3501,B35,homo sapiens,homo sapiens,,,human herpesvirus 4,homo sapiens,homo sapiens,"Yu Chih, L., Rossjohn, J., Gras, S.",2.5,X-RAY DIFFRACTION,0.229,0.18,0.0001805,SPR,25,24759101,TRUE,HPVGQADYFEY,11,VSGLRG,LYSAGEE,AVQDLGTSGSRLT,SGDLS,YYNGEE,ASSARSGELF
4qok,E,D,,,abTCR,0,C,peptide,melanoma antigen recognized by t-cells 1 marker peptide,,MH1,A,B,47.655,TRBV30,TRAV12,,,IMMUNE SYSTEM,12/17/14,Structural basis for ineffective T-cell responses to MHC anchor residue improved heteroclitic peptides,A0201,A2,homo sapiens,homo sapiens,,,homo sapiens,homo sapiens,homo sapiens,"Rizkallah, P.J., Cole, D.K., Madura, F., Sewell, A.K.",3,X-RAY DIFFRACTION,0.262,0.203,,,,,TRUE,EAAGIGILTV,10,DRGSQS,IYSNGD,AVNVAGKST,GTSNPN,SVGIG,AWSETGLGTGELF
4qrp,E,D,,,abTCR,0,C,peptide,ns3-4a protein,,MH1,A,B,49.048,TRBV11,TRAV9,,,IMMUNE SYSTEM,11/12/2014,Crystal Structure of HLA B*0801 in complex with HSKKKCDEL and DD31 TCR,B0801,B8,homo sapiens,homo sapiens,,,hepatitis c virus,homo sapiens,homo sapiens,"Gras, S., Berry, R., Lucet, I.S., Rossjohn, J.",2.9,X-RAY DIFFRACTION,0.248,0.207,2.48E-06,SPR,25,25355921,TRUE,HSKKKCDEL,9,ATGYPS,ATKADDK,ALSDPVNDMR,SGHAT,FQNNGV,ASSLRGRGDQPQH
4qrr,D,E,,,,0,P,peptide,"clone12 tcr beta chain | ips peptide from cmv, ipsinvhhy",NA | NA,MH1,A,B,,TRBV5,,,,IMMUNE SYSTEM,12/10/2014,"Crystal Structure of HLA B*3501-IPS in complex with a Delta-Beta TCR, clone 12 TCR",B3501,B35,homo sapiens,,,,homo sapiens | human herpesvirus 5,homo sapiens,homo sapiens,"Gras, S., Chabrol, E., Rossjohn, J.",3,X-RAY DIFFRACTION,0.258,0.21,,,,,TRUE,IPSINVHHY,9,SGHRS,YFSETQ,ASSLEGGYYNEQF,TSWWSYY,QGS,ALGELAGAGGTSY
4y19,E,D,,,abTCR,0,C,peptide,insulin,,MH2,A,B,136.732,TRBV6,TRAV29,,,IMMUNE SYSTEM,09/23/15,immune complex,DR4,DR4,homo sapiens,homo sapiens,,,homo sapiens,homo sapiens,homo sapiens,"Beringer, D.X., Petersen, J., Reid, H.H., Rossjohn, J.",2.5,X-RAY DIFFRACTION,0.196,0.16,,,,,TRUE,QPLALEGSLQKRG,13,NSMFDY,ISSIKDK,AASVYAGGTSYGKLT,MNHEY,SVGEGT,ASRPRRDNEQF
4y1a,E,D,,,abTCR,0,C,peptide,insulin,,MH2,A,B,137.39,TRBV6,TRAV29,,,IMMUNE SYSTEM,09/23/15,immune complex,DR4,DR4,homo sapiens,homo sapiens,,,homo sapiens,homo sapiens,homo sapiens,"Beringer, D.X., Vivian, J.P., Reid, H.H., Rossjohn, J.",4,X-RAY DIFFRACTION,0.283,0.225,,,,,TRUE,LQPLALEGSLQKRG,14,NSMFDY,ISSIKDK,AASSSAGGTSYGKLT,MNHEY,SVGEGT,ASRPRDPVTQY
4z7u,F,E,,,abTCR,0,I,peptide,deamidated dq8-glia-alpha1 peptide,,MH2,C,D,37.338,TRBV9,TRAV26,,,IMMUNE SYSTEM,06/03/2015,S13 complex,DQ8,DQ8,homo sapiens,homo sapiens,,,triticum aestivum,homo sapiens,homo sapiens,"Petersen, J., Rossjohn, J., Reid, H.H., Koning, F.",2.7,X-RAY DIFFRACTION,0.22,0.178,,,,,TRUE,PSGEGSFQPSQENPQ,15,TISGTDY,GLTSN,ILRDRSNQFY,SGDLS,YYNGEE,ASSTTPGTGTETQY
4z7v,F,E,,,abTCR,0,I,peptide,deamidated dq8-glia-alpha1 peptide,,MH2,C,D,40.58,TRBV9,TRAV26,,,IMMUNE SYSTEM,06/03/2015,L3-12 complex,DQ8,DQ8,homo sapiens,homo sapiens,,,triticum aestivum,homo sapiens,homo sapiens,"Petersen, J., Rossjohn, J., Reid, H.H., Koning, F.",2.65,X-RAY DIFFRACTION,0.226,0.187,,,,,TRUE,SGEGSFQPSQENP,13,TISGTDY,GLTSN,ILRDSRAQKLV,SGDLS,YYNGEE,ASSAGTSGEYEQY
4z7w,F,E,,,abTCR,0,I,peptide,dq8-glia-alpha1,,MH2,C,D,46.799,TRBV6,TRAV8,,,IMMUNE SYSTEM,06/03/2015,T316 complex,DQ8,DQ8,homo sapiens,homo sapiens,,,triticum aestivum,homo sapiens,homo sapiens,"Petersen, J., Rossjohn, J., Reid, H.H., Koning, F.",2.89,X-RAY DIFFRACTION,0.247,0.228,,,,,TRUE,PSGEGSFQPSQENPQ,15,YGATPY,YFSGDTLV,AVGETGANNLF,MNHNS,SASEGT,ASSEARRYNEQF
5brz,E,D,,,abTCR,0,C,peptide,glu-val-asp-pro-ile-gly-his-leu-tyr,,MH1,A,B,57.904,TRBV5,TRAV21,,,IMMUNE SYSTEM,03/02/2016,MAGE-A3 reactive TCR in complex with MAGE-A3 in HLA-A1,A1,A1,homo sapiens,homo sapiens,,,homo sapiens,homo sapiens,homo sapiens,"Raman, M.C.C., Rizkallah, P.J., Simmons, R., Donnellan, Z., Dukes, J., Bossi, G., LeProvost, G., Mahon, T., Hickman, E., LomaX, M., Oates, J., Hassan, N., Vuidepot, A., Sami, M., Cole, D.K., Jakobsen, B.K.",2.62,X-RAY DIFFRACTION,0.268,0.193,,,,,TRUE,EVDPIGHLY,9,DSAIYN,VRPYQRE,AVRPGGAGPFFVV,SGHRS,YFSETQ,ASSFNMATGQY
5bs0,E,D,,,abTCR,0,C,peptide,titin,,MH1,A,B,58.261,TRBV5,TRAV21,,,IMMUNE SYSTEM,03/02/2016,MAGE-A3 Reactive TCR in complex with Titin Epitope in HLA-A1,A1,A1,homo sapiens,homo sapiens,,,homo sapiens,homo sapiens,homo sapiens,"Raman, M.C.C., Rizkallah, P.J., Simmons, R., Donellan, Z., Dukes, J., Bossi, G., LeProvost, G., Mahon, T., Hickman, E., Lomax, M., Oates, J., Hassan, N., Vuidepot, A., Sami, M., Cole, D.K., Jakobsen, B.K.",2.4,X-RAY DIFFRACTION,0.262,0.203,,,,,TRUE,ESDPIVAQY,9,DSAIYN,VRPYQRE,AVRPGGAGPFFVV,SGHRS,YFSETQ,ASSFNMATGQY
5c07,E,D,,,abTCR,0,C,peptide,marker peptide,,MH1,A,B,43.735,TRBV12,TRAV12,,,IMMUNE SYSTEM,05/04/2016,1E6 TCR in complex with HLA-A02 carrying YQFGPDFPIA,A2,A2,homo sapiens,homo sapiens,,,homo sapiens,homo sapiens,homo sapiens,"Rizkallah, P.J., Bulek, A.M., Cole, D.K., Sewell, A.K.",2.11,X-RAY DIFFRACTION,0.237,0.191,,,,,TRUE,YQFGPDFPIA,10,NSAFQY,TYSSGN,AMRGDSSYKLI,SGHDY,FNNNVP,ASSLWEKLAKNIQY
5c08,E,D,,,abTCR,0,C,peptide,marker peptide,,MH1,A,B,44.155,TRBV12,TRAV12,,,IMMUNE SYSTEM,05/04/2016,1E6 TCR in Complex with HLA-A0e carrying RQWGPDPAAV,A0201,A2,homo sapiens,homo sapiens,,,homo sapiens,homo sapiens,homo sapiens,"Rizkallah, P.J., Bulek, A.M., Cole, D.K., Sewell, A.K.",2.332,X-RAY DIFFRACTION,0.272,0.206,,,,,TRUE,RQWGPDPAAV,10,NSAFQY,TYSSGN,AMRGDSSYKLI,SGHDY,FNNNVP,ASSLWEKLAKNIQY
5c09,E,D,,,abTCR,0,C,peptide,marker peptide,,MH1,A,B,44.449,TRBV12,TRAV12,,,IMMUNE SYSTEM,05/04/2016,HLA class I histocompatibility antigen,A0201,A2,homo sapiens,homo sapiens,,,homo sapiens,homo sapiens,homo sapiens,"Rizkallah, P.J., Bulek, A.M., Cole, D.K., Sewell, A.K.",2.475,X-RAY DIFFRACTION,0.259,0.205,,,,,TRUE,YLGGPDFPTI,10,NSAFQY,TYSSGN,AMRGDSSYKLI,SGHDY,FNNNVP,ASSLWEKLAKNIQY
5c0a,E,D,,,abTCR,0,C,peptide,marker peptide,,MH1,A,B,45.944,TRBV12,TRAV12,,,IMMUNE SYSTEM,05/04/2016,1E6 TCR in complex with HLA-A02 carrying MVW peptide,A2,A2,homo sapiens,homo sapiens,,,homo sapiens,homo sapiens,homo sapiens,"Rizkallah, P.J., Bulek, A.M., Cole, D.K., Sewell, A.K.",2.46,X-RAY DIFFRACTION,0.232,0.193,,,,,TRUE,MVWGPDPLYV,10,NSAFQY,TYSSGN,AMRGDSSYKLI,SGHDY,FNNNVP,ASSLWEKLAKNIQY
5c0b,E,D,,,abTCR,0,C,peptide,marker peptide,,MH1,A,B,45.151,TRBV12,TRAV12,,,IMMUNE SYSTEM,05/04/2016,1E6 TCR in complex with HLA-A02 carrying RQFGPDFPTI,A2,A2,homo sapiens,homo sapiens,,,homo sapiens,homo sapiens,homo sapiens,"Rizkallah, P.J., Bulek, A.M., Cole, D.K., Sewell, A.K.",2.03,X-RAY DIFFRACTION,0.231,0.192,,,,,TRUE,RQFGPDFPTI,10,NSAFQY,TYSSGN,AMRGDSSYKLI,SGHDY,FNNNVP,ASSLWEKLAKNIQY
5c0c,E,D,,,abTCR,0,H,peptide,marker peptide,,MH1,F,G,43.754,TRBV12,TRAV12,,,IMMUNE SYSTEM,05/04/2016,1E6 TCR in complex with HLA-A02 carrying RQFGPDWIVA,A2,A2,homo sapiens,homo sapiens,,,homo sapiens,homo sapiens,homo sapiens,"Rizkallah, P.J., Bulek, A.M., Cole, D.K., Sewell, A.K.",1.974,X-RAY DIFFRACTION,0.227,0.189,,,,,TRUE,RQFGPDWIVA,10,NSAFQY,TYSSGN,AMRGDSSYKLI,SGHDY,FNNNVP,ASSLWEKLAKNIQY
5d2l,J,I,,,abTCR,0,Q,peptide,asn-leu-val-pro-met-val-ala-thr-val,,MH1,A,B,29.444,TRBV7,TRAV24,,,IMMUNE SYSTEM,10/07/2015,Crystal structure of TCR C7 in complex with HCMV NLV epitope presented by HLA-A2,A2,A2,homo sapiens,homo sapiens,,,cytomegalovirus,homo sapiens,homo sapiens,"Gao, M., Mariuzza, R.A.",3.511,X-RAY DIFFRACTION,0.355,0.27,5.10E-06,SPR,25,26429912,TRUE,NLVPMVATV,9,SSNFYA,MTLNGDE,AFITGNQFY,SGHTA,FQGNSA,ASSQTQLWETQY
5d2n,F,C,,,abTCR,0,G,peptide,asn-leu-val-pro-met-val-ala-thr-val,,MH1,H,L,64.5,TRBV7,TRAV26,,,IMMUNE SYSTEM,10/07/2015,Crystal structure of C25-NLV-HLA-A2 complex,A2,A2,homo sapiens,homo sapiens,,,cytomegalovirus,homo sapiens,homo sapiens,"Mariuzza, R.A., Yang, X.",2.099,X-RAY DIFFRACTION,0.253,0.204,4.70E-06,SPR,25,26429912,TRUE,NLVPMVATV,9,TISGTDY,GLTSN,ILDNNNDMR,SGHVS,FNYEAQ,ASSLAPGTTNEKLF
5e6i,H,G,,,abTCR,0,K,peptide,matrix protein 1,,MH1,I,J,66.31,TRBV27,TRAV35,,,IMMUNE SYSTEM,10/19/16,Crystal structure of TCR PF8 in complex with flu MP(58-66) epitope presented by HLA-A2,A2,A2,homo sapiens,homo sapiens,,,influenza a virus,homo sapiens,homo sapiens,"Gao, M., Mariuzza, R.",4,X-RAY DIFFRACTION,0.338,0.259,,,,,TRUE,GILGFVFTL,9,SIFNT,LYKAGEL,AGPGGSSNTGKLI,MNHEY,SMNVEV,ASSLIYPGELF
5e9d,E,D,,,abTCR,0,C,peptide,melanoma derived mart-1 peptide,,MH1,A,B,41.282,TRBV6,TRAV12,,,PROTEIN BINDING,06/08/2016,RD-1 Mart-1 High bound to Mart-1 decameric peptide (ELA) in complex with HLA-A2,A2,A2,homo sapiens,homo sapiens,,,homo sapiens,homo sapiens,homo sapiens,"Singh, N.K., Baker, B.M.",2.51,X-RAY DIFFRACTION,0.232,0.18,,,,,TRUE,ELAGIGILTV,10,DRGSTS,IYSNGD,AVTKYSWGKLQ,MNHEY,SVGVGI,ASRPGWMAGGVELY
5eu6,E,D,,,abTCR,0,C,peptide,tyr-leu-glu-pro-gly-pro-val-thr-val,,MH1,A,B,47.784,TRBV7,TRAV21,,,IMMUNE SYSTEM,03/02/2016,HLA Class I antigen,A2,A2,homo sapiens,homo sapiens,,,synthetic construct,homo sapiens,homo sapiens,"Rizkallah, P.J., Bianchi, V., Cole, D.K., Sewell, A.K.",2.02,X-RAY DIFFRACTION,0.222,0.181,,,,,TRUE,YLEPGPVTV,9,DSAIYN,IQSSQRE,AVLSSGGSNYKLT,SGHTA,FQGTGA,ASSFIGGTDTQY
5euo,F,E,,,abTCR,0,J,peptide,matrix protein 1,,MH1,A,B,65.213,TRBV19,TRAV27,,,IMMUNE SYSTEM,11/23/16,PF6-M1-HLA-A2,A2,A2,homo sapiens,homo sapiens,,,influenza a virus,homo sapiens,homo sapiens,"Yang, X.",2.1,X-RAY DIFFRACTION,0.281,0.229,,,,,TRUE,GILGFVFTL,9,SVFSS,VVTGGEV,AGAIGPSNTGKLI,LNHDA,SQIVND,ASSIRSSYEQY
5hhm,E,D,,,abTCR,0,C,peptide,"m1-f5l, gilglvftl",,MH1,A,B,63.896,TRBV19,TRAV27,,,IMMUNE SYSTEM,03/23/16,Crystal Structure of the JM22 TCR in complex with HLA-A*0201 in complex with M1-F5L,A0201,A2,homo sapiens,homo sapiens,,,synthetic construct,homo sapiens,homo sapiens,"Gras, S., Josephs, T.M., Rossjohn, J.",2.5,X-RAY DIFFRACTION,0.289,0.216,,,,,TRUE,GILGLVFTL,9,SVFSS,VVTGGEV,AGAGSQGNLI,LNHDA,SQIVND,ASSSRSSYEQY
5hho,E,D,,,abTCR,0,C,peptide,"m1-g4e, gilefvftl",,MH1,A,B,64.33,TRBV19,TRAV27,,,IMMUNE SYSTEM,03/23/16,Crystal Structure of the JM22 TCR in complex with HLA-A*0201 in complex with M1-G4E,A0201,A2,homo sapiens,homo sapiens,,,synthetic construct,homo sapiens,homo sapiens,"Gras, S., Josephs, T.M., Rossjohn, J.",2.95,X-RAY DIFFRACTION,0.279,0.236,,,,,TRUE,GILEFVFTL,9,SVFSS,VVTGGEV,AGAGSQGNLI,LNHDA,SQIVND,ASSIRSSYEQY
5hyj,E,D,,,abTCR,0,C,peptide,ala-gln-trp-gly-pro-asp-pro-ala-ala-ala,,MH1,A,B,43.272,TRBV12,TRAV12,,,IMMUNE SYSTEM,05/04/2016,1E6 TCR in Complex with HLA-A02 carrying AQWGPDPAAA,A2,A2,homo sapiens,homo sapiens,,,homo sapiens,homo sapiens,homo sapiens,"Rizkallah, P.J., Bulek, A.M., Cole, D.K., Sewell, A.K.",3.06,X-RAY DIFFRACTION,0.294,0.212,,,,,TRUE,AQWGPDPAAA,10,NSAFQY,TYSSGN,AMRGDSSYKLI,SGHDY,FNNNVP,ASSLWEKLAKNIQY
5isz,E,D,,,abTCR,0,C,peptide,influenza m1 for peptide,,MH1,A,B,55.999,TRBV19,TRAV24,,,IMMUNE SYSTEM,03/01/2017,Crystal structure of LS01-TCR/M1-HLA-A*02 complex,A2,A2,homo sapiens,homo sapiens,,,influenza a virus,homo sapiens,homo sapiens,"Stern, L.J., Selin, L.K., Song, I.",2.06,X-RAY DIFFRACTION,0.2,0.184,,,,,TRUE,GILGFVFTL,9,SSNFYA,MTLNGDE,AFDTNAGKST,LNHDA,SQIVND,ASSIFGQREQY
5ivx,F,E,,,abTCR,0,P,peptide,p18-i10,,MH1,A,B,30.15,TRBV29,TRAV14,,,IMMUNE SYSTEM,03/29/17,Crystal Structure of B4.2.3 T-Cell Receptor and H2-Dd P18-I10 Complex,H2-Dd,H2Dd,mus musculus,mus musculus,,,homo sapiens,mus musculus,mus musculus,"Natarajan, K., Jiang, J., Margulies, D.",2.1,X-RAY DIFFRACTION,0.22,0.18,,,,,TRUE,RGPGRAFVTI,10,NSAFDY,ILSVSNK,AASASFGDNSKLI,MSHET,SYDVDS,ASSLGHTEVF
5jhd,E,D,,,abTCR,0,C,peptide,influenza m1(58-66) peptide,,MH1,A,B,47.601,TRBV19,TRAV38,,,IMMUNE SYSTEM,03/01/2017,Crystal structure of LS10-TCR/M1-HLA-A*02 complex,A2,A2,homo sapiens,homo sapiens,,,influenza a virus,homo sapiens,homo sapiens,"Stern, L.J., Selin, L.K., Song, I.",2.46,X-RAY DIFFRACTION,0.223,0.204,,,,,TRUE,GILGFVFTL,9,TSESDYY,QEAYKQQN,AWGVNAGGTSYGKLT,LNHDA,SQIVND,ASSIGVYGYT
5jzi,E,D,,,abTCR,0,C,peptide,klv peptide,,MH1,A,B,30.434,TRBV25,TRAV38,,,Protein binding/Immune System,05/31/17,Crystal structure of 1406 TCR bound to HLA-A2 with HCV 1406-1415 antigen peptide,A2,A2,homo sapiens,homo sapiens,,,hepatitis c virus,homo sapiens,homo sapiens,"Wang, Y., Piepenbrink, K.H., Baker, B.M.",2.5,X-RAY DIFFRACTION,0.232,0.196,,,,,TRUE,KLVALGINAV,10,TSESDYY,QEAYKQQN,AYGEDDKII,MGHDK,SYGVNS,ASRRGPYEQY
5ks9,F,E,,,abTCR,0,I,peptide,dq8-glia-alpha1 peptide,,MH2,C,D,39.838,TRBV9,TRAV20,,,IMMUNE SYSTEM,09/21/16,Bel502-DQ8-glia-alpha1 complex,DQ8,DQ8,homo sapiens,homo sapiens,,,triticum aestivum,homo sapiens,"triticum aestivum, homo sapiens","Petersen, J., Rossjohn, J., Reid, H.H.",2.55,X-RAY DIFFRACTION,0.224,0.199,,,,,TRUE,APSGEGSFQPSQENPQ,16,VSGLRG,LYSAGEE,AVALNNNAGNMLT,SGDLS,YYNGEE,ASSVAPGSDTQY
5ksa,D,C,,,abTCR,0,J,peptide,dq8.5-glia-gamma1 peptide,,MH2,A,B,42.583,TRBV9,TRAV20,,,IMMUNE SYSTEM,09/21/16,Bel602-DQ8.5-glia-gamma1 complex,DQ8,DQ8,homo sapiens,homo sapiens,,,triticum aestivum,homo sapiens,"triticum aestivum, homo sapiens","Petersen, J., Rossjohn, J., Reid, H.H.",2,X-RAY DIFFRACTION,0.206,0.169,,,,,TRUE,QPQQSFPEQEA,11,VSGLRG,LYSAGEE,AVQFMDSNYQLI,SGDLS,YYNGEE,ASSVAGTPSYEQY
5ksb,F,E,,,abTCR,0,I,peptide,dq8.5-glia-gamma1 peptide,,MH2,C,D,34.233,TRBV9,TRAV20,,,IMMUNE SYSTEM,09/21/16,T15-DQ8.5-glia-gamma1 complex,DQ8,DQ8,homo sapiens,homo sapiens,,,triticum aestivum,homo sapiens,"triticum aestivum, homo sapiens","Petersen, J., Rossjohn, J., Reid, H.H.",2.9,X-RAY DIFFRACTION,0.254,0.219,,,,,TRUE,GPQQSFPEQEA,11,VSGLRG,LYSAGEE,AVQASGGSYIPT,SGDLS,YYNGEE,ASSNRGLGTDTQY
5m00,H,G,,,abTCR,0,P,peptide,lcmv-derived gp33 altered peptide ligand y4a,,MH1,A,B,42.559,TRBV13,TRAV14,,,IMMUNE SYSTEM,12/20/17,"Crystal structure of murine P14 TCR complex with H-2Db and Y4A, modified gp33 peptide from LCMV",H-2Db,H2Db,mus musculus,mus musculus,,,mus musculus,mus musculus,mus musculus,"Achour, A., Sandalova, T., Sun, R., Han, X.",1.95,X-RAY DIFFRACTION,0.237,0.2,,,,,TRUE,KAVANFATM,9,DSTFNY,ILSVSDK,AALYGNEKIT,NNHDY,SYVADS,ASSDAGGRNTLY
5m01,H,G,,,abTCR,0,P,peptide,lcmv-derived gp33 altered peptide ligand pa,,MH1,A,B,42.675,TRBV13,TRAV14,,,IMMUNE SYSTEM,10/25/17,"Crystal structure of murine P14 TCR/ H-2Db complex with PA, modified gp33 peptide from LCMV",H2Db,H2Db,mus musculus,mus musculus,,,lymphocytic choriomeningitis virus,mus musculus,mus musculus,"Achour, A., Sandalova, T., Sun, R., Han, X.",1.95,X-RAY DIFFRACTION,0.229,0.196,,,,,TRUE,KAPANFATM,9,DSTFNY,ILSVSDK,AALYGNEKIT,NNHDY,SYVADS,ASSDAGGRNTLY
5m02,H,G,,,abTCR,0,P,peptide,lcmv-derived gp33 altered peptide ligand pf,,MH1,A,B,41.995,TRBV13,TRAV14,,,IMMUNE SYSTEM,12/20/17,"Crystal structure of murine P14 TCR / H-2Db with PF, modified gp33 peptide from LCMV",H2Db,H2Db,mus musculus,mus musculus,,,lymphocytic choriomeningitis virus,mus musculus,mus musculus,"Achour, A., Sandalova, T., Sun, R.",1.75,X-RAY DIFFRACTION,0.214,0.188,,,,,TRUE,KAPFNFATM,9,DSTFNY,ILSVSDK,AALYGNEKIT,NNHDY,SYVADS,ASSDAGGRNTLY
5men,E,D,,,abTCR,0,C,peptide,ile-leu-ala-lys-phe-leu-his-trp-leu,,MH1,A,B,40.823,TRBV6,TRAV22,,,IMMUNE SYSTEM,12/07/2016,"Human Leukocyte Antigen A02 presenting ILAKFLHWL, in complex with cognate T-Cell Receptor",A2,A2,homo sapiens,homo sapiens,,,homo sapiens,homo sapiens,homo sapiens,"Rizkallah, P.J., Lloyd, A., Crowther, M., Cole, D.K., Sewell, A.K.",2.81,X-RAY DIFFRACTION,0.272,0.189,,,,,TRUE,ILAKFLHWL,9,DSVNN,IPSGT,AVDSATSGTYKYI,MNHEY,SVGAGI,ASSYQGTEAF
5nht,B,A,,,abTCR,0,P,peptide,melanoma antigen recognized by t-cells 1,,MH1,H,L,34.791,TRBV19,TRAV12,,,IMMUNE SYSTEM,05/16/18,human 199.54-16 TCR in complex with Melan-A/MART-1 (26-35) peptide and HLA-A2,A2,A2,homo sapiens,homo sapiens,,,homo sapiens,homo sapiens,homo sapiens,"Exertier, C., Reiser, J.-B., Lantez, V., Chouquet, A., Bonneville, M., Saulquin, X., Housset, D.",3.2,X-RAY DIFFRACTION,0.299,0.213,,,,,TRUE,ELAGIGILTV,10,DRGSQS,IYSNGD,AVGGGADGLT,LNHDA,SQIVND,ASSQGLAGAGELF
5nme,E,D,,,abTCR,0,C,peptide,gag protein,,MH1,A,B,52.384,TRBV5,TRAV12,,,IMMUNE SYSTEM,11/15/17,868 TCR in complex with HLA A02 presenting SLYNTVATL,A2,A2,homo sapiens,homo sapiens,,,human immunodeficiency virus 1,homo sapiens,homo sapiens,"Rizkallah, P.J., Cole, D.K., Fuller, A., Sewell, A.K.",2.94,X-RAY DIFFRACTION,0.263,0.196,,,,,TRUE,SLYNTVATL,9,DRGSQS,IYSNGD,AVRTNSGYALN,QGHDT,YYEEEE,ASSDTVSYEQY
5nmf,E,D,,,abTCR,0,C,peptide,gag protein,,MH1,A,B,51.143,TRBV5,TRAV12,,,IMMUNE SYSTEM,11/15/17,868 TCR in complex with HLA A02 presenting SLYNTIATL,A2,A2,homo sapiens,homo sapiens,,,human immunodeficiency virus 1,homo sapiens,homo sapiens,"Rizkallah, P.J., Cole, D.K., Fuller, A., Sewell, A.K.",2.89,X-RAY DIFFRACTION,0.255,0.193,,,,,TRUE,SLYNTIATL,9,DRGSQS,IYSNGD,AVRTNSGYALN,QGHDT,YYEEEE,ASSDTVSYEQY
5nmg,E,D,,,abTCR,0,C,peptide,gag protein,,MH1,A,B,52.463,TRBV5,TRAV12,,,IMMUNE SYSTEM,11/15/17,868 TCR in complex with HLA A02 presenting SLYFNTIAVL,A2,A2,homo sapiens,homo sapiens,,,human immunodeficiency virus 1,homo sapiens,homo sapiens,"Rizkallah, P.J., Cole, D.K., Fuller, A., Sewell, A.K.",2.75,X-RAY DIFFRACTION,0.254,0.196,,,,,TRUE,SLFNTIAVL,9,DRGSQS,IYSNGD,AVRTNSGYALN,QGHDT,YYEEEE,ASSDTVSYEQY
5nqk,B,A,,,abTCR,0,P,peptide,melanoma antigen recognized by t-cells 1,,MH1,H,L,36.934,TRBV19,TRAV12,,,IMMUNE SYSTEM,05/30/18,human 199.16 TCR in complex with Melan-A/MART-1 (26-35) peptide and HLA-A2,A2,A2,homo sapiens,homo sapiens,,,homo sapiens,homo sapiens,homo sapiens,"Exertier, C., Reiser, J.-B., Lantez, V., Chouquet, A., Bonneville, M., Saulquin, X., Housset, D.",3.25,X-RAY DIFFRACTION,0.316,0.224,,,,,TRUE,ELAGIGILTV,10,DRGSQS,IYSNGD,AGGGGADGLT,LNHDA,SQIVND,ASSQGLAGAGELF
5sws,E,D,,,abTCR,0,C,peptide,influenza np366 epitope,,MH1,A,B,127.938,TRBV17,TRAV14,,,IMMUNE SYSTEM,10/05/2016,Crystal Structure of NP2-B17 TCR-H2Db-NP complex,H2Db,H2Db,mus musculus,mus musculus,,,unidentified influenza virus,mus musculus,mus musculus,"Gras, S., Del Campo, C.M., Farenc, C., Josephs, T.M., Rossjohn, J.",2.86,X-RAY DIFFRACTION,0.274,0.231,,,,,TRUE,ASNENMETM,9,DSTFNY,IRSVSDK,AASEGSGSWQLI,MNHDT,YYDKIL,ASSAGLDAEQY
5swz,E,D,,,abTCR,0,C,peptide,influenza np366 epitope,,MH1,A,B,127.917,TRBV17,TRAV14,,,IMMUNE SYSTEM,10/05/2016,Crystal Structure of NP1-B17 TCR-H2Db-NP complex,H2Db,H2Db,mus musculus,mus musculus,,,unidentified influenza virus,mus musculus,mus musculus,"Gras, S., Del Campo, C.M., Farenc, C., Josephs, T.M., Rossjohn, J.",2.65,X-RAY DIFFRACTION,0.249,0.226,,,,,TRUE,ASNENMETM,9,DSTFNY,IRSVSDK,AASETSGSWQLI,MNHDT,YYDKIL,ASSRDLGRDTQY
5tez,J,I,,,abTCR,0,C,peptide,gly-ile-leu-gly-phe-val-phe-thr-leu,,MH1,A,B,34.416,TRBV27,TRAV13,,,IMMUNE SYSTEM,09/27/17,TCR F50 recgonizing M1-HLA-A2,A2,A2,homo sapiens,homo sapiens,,,influenza a virus,homo sapiens,homo sapiens,"Yang, X., Mariuzza, R.A.",1.7,X-RAY DIFFRACTION,0.224,0.19,,,,,TRUE,GILGFVFTL,9,DSASNY,IRSNVGE,AASFIIQGAQKLV,MNHEY,SMNVEV,ASSLLGGWSEAF
5til,H,G,,,abTCR,0,C,peptide,pre-glycoprotein polyprotein gp complex,,MH1,A,B,45.162,TRBV13,TRAV14,,,IMMUNE SYSTEM,11/01/2017,Murine class I major histocompatibility complex H-2 Db in complex with LCMV-derived GP33 altered peptide V3P and T-cell receptor P14,H2Db,H2Db,mus musculus,mus musculus,,,lymphocytic choriomeningitis mammarenavirus,mus musculus,mus musculus,"Achour, A., Sandalova, T., Allerbring, E.B.",2.83,X-RAY DIFFRACTION,0.275,0.219,,,,,TRUE,KAPYNFATM,9,DSTFNY,ILSVSDK,AALYGNEKIT,NNHDY,SYVADS,ASSDAGGRNTLY
5tje,H,G,,,abTCR,0,I,peptide,peptide gp33-41 from lcmv,,MH1,A,B,44.761,TRBV13,TRAV14,,,IMMUNE SYSTEM,11/01/2017,Murine class I major histocompatibility complex H-2Db in complex with LCMV-derived gp33 and T cell receptor P14,H2Db,H2Db,mus musculus,mus musculus,,,lymphocytic choriomeningitis virus,mus musculus,mus musculus,"Achour, A., Sandalova, T., Allerbring, E., Popov, A.",3.2,X-RAY DIFFRACTION,0.314,0.228,,,,,TRUE,KAVYNFATM,9,DSTFNY,ILSVSDK,AALYGNEKIT,NNHDY,SYVADS,ASSDAGGRNTLY
5w1v,E,D,,,abTCR,0,C,peptide,vmaprtlil peptide from cmv gpul40,,MH1,A,B,69.343,TRBV9,TRAV35,,,IMMUNE SYSTEM,10/04/2017,Structure of the HLA-E-VMAPRTLIL/GF4 TCR complex,E,E,homo sapiens,homo sapiens,,,human herpesvirus 5 strain ad169,homo sapiens,homo sapiens,"Gras, S., Walpole, N., Farenc, C., Rossjohn, J.",3.31,X-RAY DIFFRACTION,0.268,0.225,,,,,TRUE,VMAPRTLIL,9,SIFNT,LYKAGEL,AGQPLGGSNYKLT,SGDLS,YYNGEE,ASSANPGDSSNEKLF
5w1w,E,D,,,abTCR,0,C,peptide,"leader peptide of hla class i histocompatibility antigen, aalpha chain ",,MH1,A,B,67.933,TRBV9,TRAV35,,,IMMUNE SYSTEM,10/04/2017,Structure of the HLA-E-VMAPRTLVL/GF4 TCR complex,E,E,homo sapiens,homo sapiens,,,homo sapiens,homo sapiens,homo sapiens,"Gras, S., Walpole, N., Farenc, C., Rossjohn, J.",3.1,X-RAY DIFFRACTION,0.263,0.215,,,,,TRUE,VMAPRTLVL,9,SIFNT,LYKAGEL,AGQPLGGSNYKLT,SGDLS,YYNGEE,ASSANPGDSSNEKLF
5wkf,E,D,,,abTCR,0,C,peptide,gts1 peptide,,MH1,A,B,39.587,TRBV11,TRAV30,,,IMMUNE SYSTEM,09/20/17,D30 TCR in complex with HLA-A*11:01-GTS1,A1101,A11,homo sapiens,homo sapiens,,,dengue virus 1,homo sapiens,homo sapiens,"Gras, S., Rossjohn, J.",2.95,X-RAY DIFFRACTION,0.253,0.19,,,,,TRUE,GTSGSPIVNR,10,KALYS,LLKGGEQ,GLGDAGNMLT,SGHAT,FQNNGV,ASSLGQGLLYGYT
5wkh,E,D,,,abTCR,0,C,peptide,gts3 peptide,,MH1,A,B,39.234,TRBV11,TRAV30,,,IMMUNE SYSTEM,09/20/17,D30 TCR in complex with HLA-A*11:01-GTS3,A1101,A11,homo sapiens,homo sapiens,,,dengue virus 3,homo sapiens,homo sapiens,"Gras, S., Rossjohn, J.",3.2,X-RAY DIFFRACTION,0.246,0.177,,,,,TRUE,GTSGSPIINR,10,KALYS,LLKGGEQ,GLGDAGNMLT,SGHAT,FQNNGV,ASSLGQGLLYGYT
5wlg,E,D,,,abTCR,0,C,peptide,gap50 peptide,,MH1,A,B,19.09,TRBV13,TRAV8,,,IMMUNE SYSTEM,11/15/17,Crystal Structure of H-2Db with the GAP501 peptide (SQL),H2Db,H2Db,"mus musculus, homo sapiens","mus musculus, homo sapiens",,,plasmodium berghei,mus musculus,mus musculus,"Gras, S., Farenc, C., Josephs, T., Rossjohn, J.",2.1,X-RAY DIFFRACTION,0.249,0.218,,,,,TRUE,SQLLNAKYL,9,TYTTV,IRSNERE,ATVYAQGLT,NNHDY,SYVADS,ASSDWGDTGQLY
5xot,E,D,,,abTCR,0,C,peptide,an hiv reverse transcriptase epitope,,MH1,A,B,41.671,TRBV6,,,,IMMUNE SYSTEM,05/31/17,Crystal structure of pHLA-B35 in complex with TU55 T cell receptor,B35,B35,homo sapiens,homo sapiens,,,human immunodeficiency virus 1,homo sapiens,homo sapiens,"Shi, Y., Qi, J., Gao, G.F.",2.787,X-RAY DIFFRACTION,0.254,0.199,,,,,TRUE,IPLTEEAEL,9,TSWWSYY,QGSDEQN,ALGEGGAQKLV,MNHNS,SASEGT,ASRTRGGTLIEQY
5yxn,B,A,,,abTCR,0,I,peptide,ns3 peptide,,MH1,C,D,30.247,TRBV25,TRAV38,,,IMMUNE SYSTEM,12/12/2018,A T cell receptor in complex with HLA-A0201 restricted Hepatitis C virus NS3 peptide (KLVALGINAV),A0201,A2,homo sapiens,homo sapiens,,,hepatitis c virus,homo sapiens,homo sapiens,"Hui, F.",2.03,X-RAY DIFFRACTION,0.223,0.193,,,,,TRUE,KLVALGINAV,10,TSESDYY,QEAYKQQN,AYGEDDKII,MGHDK,SYGVNS,ASRRGPYEQY
5yxu,B,A,,,abTCR,0,I,peptide,lys-leu-val-ala-leu-gly-ile-asn-ala-val,,MH1,C,D,31.712,TRBV25,TRAV38,,,IMMUNE SYSTEM,12/12/2018,an affinity enhanced T cell receptor in complex with HLA-A0201 restricted HCV NS3 peptide KLVALGINAV,A0201,A2,homo sapiens,homo sapiens,,,hepatitis c virus,homo sapiens,homo sapiens,"Yi, L.",2.7,X-RAY DIFFRACTION,0.289,0.235,,,,,TRUE,KLVALGINAV,10,TSENDYI,QEAYKQQN,AYGEDDKII,MGHDK,SYGVNS,ASRRGSAELY
6am5,E,D,,,abTCR,0,C,peptide,ser-met-leu-gly-ile-gly-ile-val-pro-val,,MH1,A,B,33.258,TRBV6,TRAV12,,,IMMUNE SYSTEM,08/08/2018,Crystal structure of DMF5 TCR bound to HLA-A2 presenting synthetic peptide SMLGIGIVPV,A2,A2,homo sapiens,homo sapiens,,,synthetic construct,homo sapiens,homo sapiens,"Riley, T.P., Baker, B.M.",2.394,X-RAY DIFFRACTION,0.244,0.201,,,,,TRUE,SMLGIGIVPV,10,DRGSQS,IYSNGD,AVNFGGGKLI,MRHNA,SNTAGT,ASSLSFGTEAF
6amu,E,D,,,abTCR,0,C,peptide,met-met-trp-asp-arg-gly-leu-gly-met-met,,MH1,A,B,36.974,TRBV6,TRAV12,,,IMMUNE SYSTEM,08/15/18,Crystal structure of DMF5 TCR bound to HLA-A2 presenting synthetic peptide MMWDRGLGMM,A2,A2,homo sapiens,homo sapiens,,,synthetic construct,homo sapiens,homo sapiens,"Riley, T.P., Baker, B.M.",2.151,X-RAY DIFFRACTION,0.226,0.18,,,,,TRUE,MMWDRGLGMM,10,DRGSQS,IYSNGD,AVNFGGGKLI,MRHNA,SNTAGT,ASSLSFGTEAF
6avf,B,A,,,abTCR,0,P,peptide,ala-pro-arg-gly-pro-his-gly-gly-ala-ala-ser-gly-leu,,MH1,H,M,40.558,TRBV28,TRAV4,,,IMMUNE SYSTEM,02/28/18,Crystal structure of the KFJ5 TCR-NY-ESO-1-HLA-B*07:02 complex,B0702,B7,homo sapiens,homo sapiens,,,homo sapiens,homo sapiens,homo sapiens,"Gully, B.S., Gras, S., Rossjohn, J.",2.028,X-RAY DIFFRACTION,0.256,0.204,,,,,TRUE,APRGPHGGAASGL,13,NIATNDY,GYKTK,LVGEILDNFNKFY,MDHEN,SYDVKM,ASSQRQEGDTQY
6avg,D,C,,,abTCR,0,P,peptide,ala-pro-arg-gly-pro-his-gly-gly-ala-ala-ser-gly-leu,,MH1,G,H,38.383,TRBV9,TRAV4,,,IMMUNE SYSTEM,02/28/18,Crystal structure of the KFJ37 TCR-NY-ESO-1-HLA-B*07:02 complex,B0702,B7,homo sapiens,homo sapiens,,,homo sapiens,homo sapiens,homo sapiens,"Gully, B.S., Gras, S., Rossjohn, J.",2.6,X-RAY DIFFRACTION,0.248,0.193,,,,,TRUE,APRGPHGGAASGL,13,NIATNDY,GYKTK,LVVDQKLV,SGDLS,YYNGEE,ASSGGHTGSNEQF
6bga,D,C,,,abTCR,0,E,peptide,velcro peptide,,MH2,A,B,37.046,TRBV26,TRAV4,,,IMMUNE SYSTEM,07/18/18,2B4 I-Ek TCR-MHC complex with affinity-enhancing Velcro peptide,I-Ek,I-Ek,mus musculus,mus musculus,,,synthetic construct,mus musculus,mus musculus,"Gee, M.H., Sibener, L.V., Birnbaum, M.E., Jude, K.M., Garcia, K.C.",2.307,X-RAY DIFFRACTION,0.237,0.192,,,,,TRUE,YVVVPD,6,TTMRA,LASGT,AALRATGGNNKLT,KGHPV,FQNQEV,ASSLNWSQDTQY
6bj2,E,D,,,abTCR,0,C,peptide,hiv pol b35 peptide,,MH1,A,B,41.85,TRBV5,TRAV19,,,IMMUNE SYSTEM,07/25/18,TCR589 in complex with HIV(Pol448-456)/HLA-B35,B35,B35,homo sapiens,homo sapiens,,,human immunodeficiency virus 1,homo sapiens,homo sapiens,"Jude, K.M., Sibener, L.V., Garcia, K.C.",3.35,X-RAY DIFFRACTION,0.276,0.245,,,,,TRUE,IPLTEEAEL,9,TRDTTYY,RNSFDEQN,ALSHNSGGSNYKLT,SGHNT,YYREEE,ASSFRGGKTQY
6bj3,H,D,,,,0,C,peptide,tcr 55 alpha chain | hiv pol b35 peptide,NA | NA,MH1,A,B,,TRBV6,,,,IMMUNE SYSTEM,07/25/18,TCR55 in complex with HIV(Pol448-456)/HLA-B35,B35,B35,homo sapiens,,,,homo sapiens | human immunodeficiency virus 1,homo sapiens,homo sapiens,"Jude, K.M., Sibener, L.V., Garcia, K.C.",1.898,X-RAY DIFFRACTION,0.216,0.188,,,,,TRUE,IPLTEEAEL,9,TSWWSYYIFWYK,QNAKSGRYSV,QGTRLTINPNIQN,MNHNS,SASEGT,ASRTRGGTLIEQY
6bj8,H,D,,,abTCR,0,C,peptide,val-pro-leu-thr-glu-asp-ala-glu-leu,,MH1,A,B,42.445,TRBV6,,,,IMMUNE SYSTEM,11/05/2017,TCR55 in complex with Pep20/HLA-B35,B35,B35,homo sapiens,homo sapiens,,,synthetic construct,homo sapiens,homo sapiens,"Jude, K.M., Sibener, L.V., Yang, X., Garcia, K.C.",1.75,X-RAY DIFFRACTION,0.183,0.159,,,,,TRUE,VPLTEDAEL,9,TSWWSYY,QGSDEQN,ALGEGGAQKLV,MNHNS,SASEGT,ASRTRGGTLIEQY
6cql,E,D,,,abTCR,0,C,peptide,peptide from capsid protein p24,,MH2,A,B,34.627,TRBV2,TRAV24,,,IMMUNE SYSTEM,06/06/2018,Crystal structure of F24 TCR -DR11-RQ13 peptide complex,DR11,DR11,homo sapiens,homo sapiens,,,hiv-1 m,homo sapiens,homo sapiens,"Farenc, C., Gras, S., Rossjohn, J.",2.4,X-RAY DIFFRACTION,0.256,0.22,,,,,TRUE,RFYKTLRAEQASQ,13,SSNFYA,MTLNGDE,AFKAAGNKLT,SNHLY,FYNNEI,ASSRLAGGMDEQF
6cqn,E,D,,,abTCR,0,C,peptide,peptide from capsid protein p24,,MH2,A,B,33.961,TRBV2,TRAV24,,,IMMUNE SYSTEM,06/06/2018,Crystal structure of F5 TCR -DR11-RQ13 peptide complex,DR11,DR11,homo sapiens,homo sapiens,,,hiv-1 m,homo sapiens,homo sapiens,"Farenc, C., Gras, S., Rossjohn, J.",2.5,X-RAY DIFFRACTION,0.251,0.196,,,,,TRUE,RFYKTLRAEQASQ,13,SSNFYA,MTLNGDE,AFKAAGNKLT,SNHLY,FYNNEI,ASSGLAGGMDEQF
6cqr,E,D,,,abTCR,0,C,peptide,peptide from capsid protein p24,,MH2,A,B,31.82,TRBV2,TRAV24,,,IMMUNE SYSTEM,06/06/2018,Crystal structure of F24 TCR -DR1-RQ13 peptide complex,DR11,DR11,homo sapiens,homo sapiens,,,hiv-1 m,homo sapiens,homo sapiens,"Farenc, C., Gras, S., Rossjohn, J.",3.04,X-RAY DIFFRACTION,0.254,0.223,,,,,TRUE,RFYKTLRAEQASQ,13,SSNFYA,MTLNGDE,AFKAAGNKLT,SNHLY,FYNNEI,ASSRLAGGMDEQF
6d78,E,D,,,abTCR,0,C,peptide,melanoma antigen recognized by t-cells 1,,MH1,A,B,32.745,TRBV6,TRAV12,,,IMMUNE SYSTEM,04/03/2019,"The complex between high-affinity TCR DMF5(alpha-D26Y,beta-L98W) and human Class I MHC HLA-A2 with the bound MART-1(27-35)peptide",A2,A2,homo sapiens,homo sapiens,,,homo sapiens,homo sapiens,homo sapiens,"Hellman, L.M., Singh, N.K.",2.347,X-RAY DIFFRACTION,0.255,0.204,,,,,TRUE,AAGIGILTV,9,YRGSQS,IYSNGD,AVNFGGGKLI,MRHNA,SNTAGT,ASSWSFGTEAF
6dkp,E,D,,,abTCR,0,C,peptide,melanoma antigen recognized by t-cells 1,,MH1,A,B,31.997,TRBV6,TRAV12,,,IMMUNE SYSTEM,04/10/2019,"The complex among DMF5(alpha-D26Y, alpha-Y50A,beta-L98W) TCR, human Class I MHC HLA-A2 and MART-1(26-35)(A27L) peptide",A2,A2,homo sapiens,homo sapiens,,,homo sapiens,homo sapiens,homo sapiens,"Hellman, L.M., Singh, N.K.",2.966,X-RAY DIFFRACTION,0.286,0.229,,,,,TRUE,ELAGIGILTV,10,YRGSQS,IASNGD,AVNFGGGKLI,MRHNA,SNTAGT,ASSWSFGTEAF
6eqa,E,D,,,abTCR,0,C,peptide,ala-ala-gly-ile-gly-ile-leu-thr-val,,MH1,A,B,48.74,TRBV30,TRAV12,,,IMMUNE SYSTEM,10/10/2018,HLA class I histocompatibility antigen,A0201,A2,homo sapiens,homo sapiens,,,homo sapiens,homo sapiens,homo sapiens,"Rizkallah, P.J., Cole, D.K.",3.16,X-RAY DIFFRACTION,0.263,0.186,,,,,TRUE,AAGIGILTV,9,DRGSQS,IYSNGD,AVNVAGKST,GTSNPN,SVGIG,AWSETGLGTGELF
6eqb,E,D,,,abTCR,0,C,peptide,ala-ala-gly-ile-gly-ile-leu-thr-val,,MH1,A,B,42.925,TRBV30,TRAV12,,,IMMUNE SYSTEM,10/10/2018,HLA class I histocompatibility antigen,A0201,A2,homo sapiens,homo sapiens,,,homo sapiens,homo sapiens,homo sapiens,"Rizkallah, P.J., Cole, D.K.",2.81,X-RAY DIFFRACTION,0.251,0.183,,,,,TRUE,AAGIGILTV,9,FLGSQS,TYREGD,AVNDGGRLT,GTSNPN,WGPFG,AWSETGLGMGGWQ
6g9q,H,G,,,abTCR,0,P,peptide,dopamine beta-hydroxylase,,MH1,A,B,42.091,TRBV13,TRAV14,,,IMMUNE SYSTEM,04/24/19,Ternary complex of P14 TCR with murine MHC class I H-2 Db in complex with self-antigen derived from dopamine monooxygenase.,H-2Db,H2Db,mus musculus,mus musculus,,,mus musculus,mus musculus,mus musculus,"Achour, A., Sandalova, T., Allerbring, E.",1.89,X-RAY DIFFRACTION,0.248,0.187,,,,,TRUE,KAPYDYAPI,9,DSTFNY,ILSVSDK,AALYGNEKIT,NNHDY,SYVADS,ASSDAGGRNTLY
6mtm,E,D,,,abTCR,0,C,peptide,np338 influenza peptide,,MH1,A,B,50.17,TRBV19,TRAV30,,,IMMUNE SYSTEM,02/13/19,Crystal Structure of EM2 TCR in complex with HLA-B*37:01-NP338,B3701,B37,homo sapiens,homo sapiens,,,unidentified influenza virus,homo sapiens,homo sapiens,"Gras, S.",3,X-RAY DIFFRACTION,0.301,0.218,,,,,TRUE,FEDLRVLSF,9,KALYS,LLKGGEQ,GTERSGGYQKVT,LNHDA,SQIVND,ASSMSAMGTEAF
